,BookTitles
0,The Very Hungry Caterpillar
1,Where the Wild Things Are
2,Green Eggs and Ham
3,Goodnight Moon
4,The Cat in the Hat
5,The Giving Tree
6,The Lorax
7,If You Give a Mouse a Cookie
8,Madeline
9,The Monster at the End of this Book
10,Corduroy
11,Chicka Chicka Boom Boom
12,How the Grinch Stole Christmas!
13,The Tale of Peter Rabbit
14,Harold and the Purple Crayon
15,"Oh, The Places You'll Go!"
16,"Brown Bear, Brown Bear, What Do You See?"
17,Are You My Mother?
18,"One Fish, Two Fish, Red Fish, Blue Fish"
19,The Polar Express
20,"Alexander and the Terrible, Horrible, No Good, Very Bad Day"
21,Make Way for Ducklings
22,Love You Forever
23,Curious George
24,Horton Hears a Who!
25,Stellaluna
26,The Velveteen Rabbit
27,Cloudy With a Chance of Meatballs
28,The Poky Little Puppy
29,Naughty Nana
30,The Napping House
31,Frog and Toad Are Friends
32,"Go, Dog. Go!"
33,"The Little Mouse, the Red Ripe Strawberry, and the Big Hungry Bear"
34,Don't Let the Pigeon Drive the Bus!
35,"Caps for Sale: A Tale of a Peddler, Some Monkeys and Their Monkey Business"
36,The Mitten
37,Blueberries for Sal
38,The Story of Ferdinand
39,The Runaway Bunny
40,The Story of Babar
41,The Snowy Day
42,The Little House
43,Guess How Much I Love You
44,Miss Nelson Is Missing!
45,Mike Mulligan and His Steam Shovel
46,A Bad Case of Stripes
47,The True Story of the 3 Little Pigs
48,Little Bear
49,"Click, Clack, Moo: Cows That Type"
50,Chrysanthemum
51,Owl Babies
52,Sylvester and the Magic Pebble
53,The Snowman
54,Knuffle Bunny: A Cautionary Tale
55,The Gruffalo
56,I Want My Hat Back
57,Animalia
58,Strega Nona
59,Miss Rumphius
60,Owl Moon
61,If You Give a Pig a Pancake
62,We're Going on a Bear Hunt
63,Tuesday
64,The Little Engine That Could
65,Bread and Jam for Frances
66,Llama Llama Red Pajama
67,The Kissing Hand
68,Fancy Nancy
69,Fox in Socks
70,The Dot
71,Olivia
72,Lilly's Purple Plastic Purse
73,Jumanji
74,In the Night Kitchen
75,Pat the Bunny
76,The Day the Crayons Quit
77,Horton Hatches the Egg
78,Each Peach Pear Plum
79,The Complete Tales
80,Bear Snores On
81,Amelia Bedelia 
82,Tikki Tikki Tembo
83,Library Lion
84,"Good Night, Gorilla"
85,The Little Prince
86,The Arrival
87,The 500 Hats of Bartholomew Cubbins
88,The Ugly Duckling
89,Hairy Maclary from Donaldson's Dairy
90,The Rainbow Fish
91,Richard Scarry's Best Storybook Ever!
92,Frédéric
93,Chicken Soup with Rice: A Book of Months
94,Rapunzel
95,You Are Special
96,But Not the Hippopotamus
97,The Tale of Tom Kitten
98,Madeline's Rescue
99,Flotsam
100,The Tale of Benjamin Bunny
101,Timothy Mean and the Time Machine
102,The Enormous Crocodile
103,There's a Wocket in My Pocket!
104,Richard Scarry's Best Word Book Ever
105,Room on the Broom
106,Roxaboxen
107,The Tiger Who Came to Tea
108,Liam and the Grump
109,Millions of Cats
110,"Good Dog, Carl"
111,Hop On Pop
112,Tawny Scrawny Lion
113,The Little Rose
114,Ballet Boy
115,The Magic of Maxwell and His Tail
116,Turtle Wish
117,"Hand, Hand, Fingers, Thumb"
118,Where Is the Green Sheep?
119,"Bark, George"
120,King Bidgood's in the Bathtub
121,Elmer
122,The Quiltmaker's Gift
123,The Tomten
124,The Great Eclipse
125,Katy and the Big Snow
126,There Is a Bird on Your Head!
127,Silly Sally
128,Extra Yarn
129,Skippyjon Jones
130,Owen
131,A Kiss for Little Bear
132,The Tailor of Gloucester
133,The Rainbabies
134,Boring Bob
135,Nutcracker
136,The Stinky Cheese Man and Other Fairly Stupid Tales
137,Mouse Paint
138,The Pout-Pout Fish
139,The Tale of Mr. Jeremy Fisher
140,"Can't You Sleep, Little Bear?"
141,Clifford the Big Red Dog
142,Wilfrid Gordon McDonald Partridge
143,Ish
144,Noah's Ark
145,Fortunately
146,Kitten's First Full Moon
147,Lalibella the Ladybug: Paints her World
148,The Unfriendly Dragon
149,The Country Bunny and the Little Gold Shoes
150,Best Friends for Frances
151,Press Here
152,Stone Soup
153,"Puff, the Magic Dragon"
154,Journey
155,Sam and the Firefly
156,The Rough-Face Girl
157,Froggy Gets Dressed
158,Lon Po Po: A Red-Riding Hood Story from China
159,The Tale of Mrs. Tittlemouse
160,The Paper Bag Princess
161,Mufaro's Beautiful Daughters: An African Tale
162,Jamberry
163,There's a Nightmare in My Closet
164,Little Red Riding Hood
165,Lost and Found
166,Miss Nelson Is Back
167,The Wolves in the Walls
168,Planting a Rainbow
169,I Know an Old Woman Who Swallowed a Fly
170,Freight Train
171,Our Animal Friends at Maple Hill Farm
172,Meg and Mog
173,It Looked Like Spilt Milk
174,Linnea in Monet's Garden
175,The Butter Battle Book
176,Officer Buckle and Gloria
177,Fetch
178,From Head to Toe
179,Stick Man
180,D'Aulaires' Book of Greek Myths
181,The Red Tree
182,Diary of a Wombat
183,Grandfather Twilight
184,Leo the Late Bloomer
185,"Please, Baby, Please"
186,My Friend is Sad
187,Should I Share My Ice Cream?
188,Big Dog...Little Dog: A Bedtime Story
189,The Day the Crayons Came Home
190,Why Mosquitoes Buzz in People's Ears
191,Five Little Monkeys Jumping on the Bed
192,Father Christmas
193,The Adventures of Beekle: The Unimaginary Friend
194,The Rabbits
195,Chester's Way
196,The Day I Swapped My Dad for Two Goldfish
197,Zoom
198,Little Pea
199,Goblinheart
200,Moses: When Harriet Tubman Led Her People to Freedom
201,The Seven Chinese Brothers
202,Nobody
203,Scaredy Squirrel
204,McElligot's Pool
205,The Other Side
206,Zen Shorts
207,How Do Dinosaurs Say Good Night?
208,The Tale of Two Bad Mice
209,The Eleventh Hour
210,Kiss Good Night
211,All the Places to Love
212,Bamboozled
213,A Child's Garden of Verses
214,Mr. Brown Can Moo! Can You?
215,Weslandia
216,Stone Soup
217,The Carrot Seed
218,Nana Upstairs and Nana Downstairs
219,Funnybones
220,Koala Lou
221,"Purple, Green and Yellow"
222,A Fairy Went A-Marketing
223,Bear Wants More
224,The Heart and the Bottle
225,The Three Pigs
226,Sheep in a Jeep
227,"Goodnight, Goodnight, Construction Site"
228,The Most Magnificent Thing
229,The Lost Thing
230,Slinky Malinki
231,Stephanie's Ponytail
232,Sector 7
233,Time for Bed
234,I Can Read With My Eyes Shut!
235,Shark vs. Train
236,The Rice Bag Hammock
237,STEM Storiez - Counting Zoo
238,How I Became a Pirate
239,The Story of the Little Mole Who Went in Search of Whodunit
240,Five Minutes' Peace
241,Goodnight Goon: A Petrifying Parody
242,The Mysteries of Harris Burdick
243,Heckedy Peg
244,One Grain Of Rice: A Mathematical Folktale
245,The Gruffalo's Child
246,Blueberry Girl
247,Mog the Forgetful Cat
248,I Ain't Gonna Paint No More!
249,Book! Book! Book!
250,Danny and the Dinosaur
251,The Happy Day
252,The Real Mother Goose
253,Peace At Last
254,Mr. Rabbit and the Lovely Present
255,The Princess Knight
256,The Littlest Angel
257,Interrupting Chicken
258,Charlotte's Web
259,The Tale of Jemima Puddle-Duck
260,I Broke My Trunk!
261,The Pain and the Great One
262,Flat Stanley
263,Not a Box
264,When the Sun Rose
265,Alice's Adventures in Wonderland
266,The Pigeon Wants a Puppy!
267,Laura and the Leprechauns
268,What Daddy Did Today: A Father's Bedtime Story
269,Adorable Alice
270,Hairy Maclary's Bone
271,Brielle-Elaine Tries to Fit In!
272,"Now One Foot, Now the Other"
273,Lucy the Cat
274,Ode to Icky
275,Grandma! Can I Get a Dog?
276,"A Splendid Friend, Indeed"
277,How to Catch a Star
278,Virginia Wolf
279,The Three Little Wolves and the Big Bad Pig
280,God's Children
281,Pickle-Chiffon Pie
282,A Reel Cool Summer
283,Charlie and the Chocolate Factory
284,Kissa Kiiskinen sankarina ja muita satuja
285,Eating the Alphabet
286,Quest
287,In a People House
288,Little White Rabbit
289,Alfie Gets in First
290,The Salamander Room
291,Anansi the Spider: A Tale from the Ashanti
292,Bear Feels Scared
293,Big Al
294,The Tale of Squirrel Nutkin
295,Piggies
296,Yo! Yes?
297,Gwinna
298,It's a Book
299,"Moo, Baa, La La La!"
300,A Mother for Choco
301,Bringing the Rain to Kapiti Plain: A Nandi Tale
302,Cops and Robbers
303,Dandelion
304,More More More Said the Baby
305,Bill and Pete Go Down the Nile
306,Outside Over There
307,The Going to Bed Book
308,Babar and His Children
309,Autumn Story
310,Pete the Cat: I Love My White Shoes
311,I am Invited to a Party!
312,Dogger
313,The Widow's Broom
314,Winnie-the-Pooh
315,The Little Match Girl
316,The Three Robbers
317,The Kiss That Missed
318,Unicorn Thinks He's Pretty Great
319,Stone Soup
320,The Night Gardener
321,Finding Winnie: The True Story of the World's Most Famous Bear
322,The Clown of God
323,The Tale of Mrs. Tiggy-Winkle
324,The Seven Silly Eaters
325,This Moose Belongs to Me
326,"The Lion, the Witch and the Wardrobe"
327,The Church Mouse
328,"Four is a little, Four is a LOT"
329,Mom! What's That?
330,Jack the Puddle Jumper
331,Reindeer Dust
332,Sock Monster
333,The Blossom Shoppe
334,Emma Gets Braces!
335,Grace's Mystery Seed
336,The Knot Fairy [With CD]
337,The Marvelous Mud Washing Machine
338,"Cozy Light, Cozy Night"
339,The Mystic Princesses and the Whirlpool
340,Barnyard Dance
341,A Chair for My Mother
342,"The Book About Moomin, Mymble and Little My"
343,Crispin: The Pig Who Had It All
344,Seven Wonders Of The World
345,Be Nice to Spiders
346,Little Blue Truck
347,Splat the Cat
348,The Twelve Days of Christmas
349,The Legend of the Bluebonnet
350,Aliens Love Underpants
351,Dragons Love Tacos
352,"Oh, wie schön ist Panama"
353,The Five Chinese Brothers
354,The Snail and the Whale
355,Bear Stays Up for Christmas
356,The Fantastic Flying Books of Mr. Morris Lessmore
357,The Quiet Book
358,Voices in the Park
359,"The Tale of Samuel Whiskers, or The Roly-Poly Pudding"
360,I Went Walking
361,"The Frog Prince, Continued"
362,The Incredible Book Eating Boy
363,"Sheila Rae, the Brave"
364,Tyrannosaurus Drip
365,Grandfather's Journey
366,The Missing Piece
367,The Funny Thing
368,Marvin K. Mooney Will You Please Go Now!
369,Snowballs
370,"Ten, Nine, Eight"
371,"Rosie Revere, Engineer"
372,Fanny's Dream
373,Clever Jack Takes the Cake
374,Barn Dance!
375,The Odd Egg
376,On the Day You Were Born
377,The Keeping Quilt
378,Mad About Madeline: The Complete Tales
379,Skippyjon Jones in Mummy Trouble
380,The Stranger
381,Duck! Rabbit!
382,My Cat Likes to Hide in Boxes
383,Knuffle Bunny Too: A Case of Mistaken Identity
384,Bear Feels Sick
385,The Whisper
386,"Let's Go Home, Little Bear"
387,Ox-Cart Man
388,The Sneetches and Other Stories
389,Dear Mr. Blueberry
390,Frog and Toad Together
391,Old Bear
392,Jenny and the Cat Club: A Collection of Favorite Stories about Jenny Linsky
393,The Twelve Dancing Princesses
394,Harvey Potter's Balloon Farm
395,D'Aulaires' Book of Norse Myths
396,John Henry
397,Rapunzel
398,A Lion in the Meadow
399,Skippyjon Jones in the Doghouse
400,Mr. Putter & Tabby Paint the Porch
401,John Henry
402,The Nightingale
403,The Empty Pot
404,The Christmas Day Kitten
405,Three to Get Ready
406,The Book with No Pictures
407,Wiggle
408,Swamp Angel
409,The Talking Eggs
410,How to Be Human: Diary of an Autistic Girl
411,The Curious Garden
412,Hairy Maclary and Zachary Quack
413,"Julius, the Baby of the World"
414,Alexander and the Wind-Up Mouse
415,The Amazing Bone
416,Peek-a-Boo
417,The Secret Staircase
418,Doctor De Soto
419,Mirandy and Brother Wind
420,Mr. Gumpy's Outing
421,"Iggy Peck, Architect"
422,Father Christmas Goes on Holiday
423,Art & Max
424,Imogene's Antlers
425,Winter Story
426,Goldilocks and the Three Bears
427,The Twelve Dancing Princesses
428,A Visitor for Bear
429,If I Ran the Zoo
430,Summer Story
431,Seasons
432,The Katurran Odyssey
433,The Grey Lady and the Strawberry Snatcher
434,We've Seen Santa
435,The Boy from the Sword
436,Not Just a Princess
437,The Unicorn Adventures: How a Young Boy Finds God's Love
438,Declan Grows Up: It's Just Not Fair
439,The Trees Have Hearts
440,Eli the Minnow and The Coral Cave Adventure
441,Louder Alex Louder
442,The Mystery of Dragon Bridge: A Peach Blossom Village Story
443,The Bear Who Loved Chocolate
444,Rumplepimple
445,Go West!
446,The Star
447,Monster Visits The Land Of Colors
448,Little Monkey
449,Wonders at the Zoo
450,"Duck, Death and the Tulip"
451,I Love Who I Am. Self-Love For Kids.
452,Sing to the Moon
453,My Smelly Ass: Kids Funny Bedtime Story Picture Book
454,The Sock Fairy
455,Ooh-la-la: Max in Love
456,Mikolay and Julia Meet the Fairies
457,A Christmas Morning
458,A Snow Baby
459,Moobala Schmoobala
460,Ted and Raymond's Sea Adventure
461,Bats at the Library
462,Nico How Do We Get There?
463,Nico Sums It Up!
464,Poo Bum
465,Teach Your Giraffe to Ski
466,When I Was a Child: I Was Always Afraid
467,The Important Book
468,The Relatives Came
469,There's No Such Thing as a Dragon
470,Chemistry: The Atom and Elements
471,"Cellular Biology: Organelles, Structure, Function"
472,Hide Alex Hide
473,The Croak 500
474,Big Ole Striped Silas
475,Silas and Opal Meet
476,Silas Gets a Sister
477,"Amelia, the Venutons and the Golden Cage."
478,"Amelia, the Moochins and the Sapphire Palace"
479,The Owl and The Magical Medicine Tree
480,Dylan's Cosydoze
481,"Drum, Chavi, Drum!/Toca, Chavi, toca!"
482,Camelea Like a Seagull
483,Ernie the Elephant and the Teddy Bear
484,Ernie the Elephant
485,Father Bear Comes Home
486,Llama Llama Misses Mama
487,This Is a Moose
488,Hop On Board
489,The Magic Word
490,Mikolay and Julia in the Attic
491,Little Miss History Travels to Mount Rushmore
492,The Girl Who Spun Gold
493,Out and About at the Zoo
494,In a Village by the Sea
495,Lola and Tattletale Zeke
496,Boats for Papa
497,The Sound of Colors: A Journey of the Imagination
498,Dylan and the Croak Orleans Gang
499,Grayson the Bully Frog with Ted and Raymond
500,Smitten
501,The King's Equal
502,Who Will Comfort Toffle?
503,Duck in the Truck
504,Amelia's Middle-School Graduation Yearbook
505,50 Below Zero
506,Peter and the Whimper-Whineys
507,A Wilcox and Griswold Mystery: The Case of the Missing Carrot Cake
508,Happiness is a Warm Puppy
509,The Monsters' Monster
510,The Bee Tree
511,A Fly Went By
512,The First Dog
513,The Jacket I Wear in the Snow
514,The Library
515,Ronnie and BB
516,George and the Noisy Ghost
517,"No Fighting, No Biting!"
518,Bear's New Friend
519,Love from Grandma
520,Chester's Masterpiece
521,The Little Red Lighthouse and the Great Gray Bridge
522,Fifteen Animals!
523,Thomas' Snowsuit
524,The Pigeon Needs a Bath!
525,Zero the Hero
526,Alphabeasts
527,Once Upon a Cool Motorcycle Dude
528,Me...Jane
529,Where's My Mom?
530,Seabird
531,Post für den Tiger
532,Old Black Fly
533,Yeh-Shen: A Cinderella Story from China
534,Tales from Outer Suburbia
535,Titch
536,Toot & Puddle: You Are My Sunshine
537,Grandpa Green
538,Ten Little Fingers and Ten Little Toes
539,"Dear Girl,"
540,Something Else
541,Princess Furball
542,Anatole
543,Saint George and the Dragon
544,What Do People Do All Day?
545,"Full, Full, Full of Love"
546,Black and White
547,The Funny Little Woman
548,The Princess and the Pony
549,Mr. Putter & Tabby Pick the Pears
550,Free Fall
551,Anansi
552,Just Because: Where Seeing Another Point of View Makes a Better You
553,"You And Me, Little Bear"
554,Mr. Putter & Tabby Walk the Dog
555,The Complete Adventures of Snugglepot and Cuddlepie
556,The Sleeping Beauty
557,Fritz and the Beautiful Horses
558,Petunia
559,Mr. Putter & Tabby Write the Book
560,The Rainbow Goblins
561,Beauty and the Beast
562,Peanut Butter & Cupcake
563,Pumpkin Soup
564,Mr. Putter & Tabby Catch the Cold
565,Children Make Terrible Pets
566,Pete's a Pizza
567,Mr. Putter & Tabby Take the Train
568,Mr. Wuffles!
569,Ira Sleeps Over
570,The Bear's Sea Escape
571,Wolves
572,Mr. Putter & Tabby Row the Boat
573,Bear Sees Colors
574,The Cremation of Sam McGee
575,Skippyjon Jones and the Big Bones
576,Boxes for Katje
577,Over in the Meadow
578,Mr. Putter & Tabby Stir the Soup
579,Shark In The Park
580,Dog Heaven
581,Finn McCoul
582,Mr. Putter & Tabby Feed the Fish
583,I Am a Bunny
584,The Color Kittens
585,Ashanti to Zulu: African Traditions
586,The Bear's Song
587,The Scrambled States of America
588,Den farliga resan
589,Mr. Putter & Tabby Fly the Plane
590,Many Moons
591,Big Momma Makes the World
592,Town & Country
593,The Story About Ping
594,How Do Dinosaurs Get Well Soon?
595,This Is Not My Hat
596,Rusty's House
597,Morris's Disappearing Bag
598,Goggles!
599,One Green Frog
600,Mr. Putter & Tabby Toot the Horn
601,Quick as a Cricket
602,Penguin and Pinecone
603,"1, 2, 3 to the Zoo"
604,Mr. Putter & Tabby Spin the Yarn
605,Millie's Marvellous Hat
606,Crictor
607,The Tub People
608,I Love My Mama
609,Harry and the Bucketful of Dinosaurs
610,Trouble with Trolls
611,Ling & Ting: Not Exactly the Same!
612,Snow White and Rose Red
613,The Mitten
614,Mr. Putter & Tabby Make a Wish
615,The Littlest Rabbit
616,Cinderella
617,King Midas and the Golden Touch
618,The Junkyard Wonders
619,The Big Orange Splot
620,Mr. Putter & Tabby See the Stars
621,Julia's House for Lost Creatures
622,Where's Spot?
623,Just a Dream
624,Mr. Putter & Tabby Run the Race
625,Cross-Country Cat
626,Mister Dog:  The Dog Who Belonged to Himself
627,The Littlest Witch
628,Mr. Putter & Tabby Spill the Beans
629,Orion and the Dark
630,Revolting Rhymes
631,Little Tim and the Brave Sea Captain
632,The Complete Adventures of Curious George
633,Mr. Putter & Tabby Clear the Decks
634,Winnie the Witch
635,Ol' Mama Squirrel
636,When Spring Comes
637,Rosie's Walk
638,Sleeping Beauty
639,Cinderella
640,Mr. Putter & Tabby Dance the Dance
641,"Does a Kangaroo Have a Mother, Too?"
642,Anno's Counting Book
643,The Berenstain Bears and the Spooky Old Tree
644,Mr. Putter & Tabby Drop the Ball
645,Mr. Putter & Tabby Ring the Bell
646,Just Go to Bed
647,A Good Day
648,The Rabbits' Wedding
649,Laura's Star
650,Beauty and the Beast
651,Father Fox's Pennyrhymes
652,Old Bear Tales
653,Mr. Putter & Tabby Pour the Tea
654,Chanticleer and the Fox
655,Last Stop on Market Street
656,Each Kindness
657,The Hat
658,Mr. Putter And Tabby Bake The Cake
659,Just the Way You Are
660,The Girl Who Hated Books
661,Who Ate All the Cookie Dough?
662,Nate the Great
663,Eloise
664,January's Sparrow
665,Spooky Night
666,The Philharmonic Gets Dressed
667,Scaredy Squirrel Makes a Friend
668,"Glory, The Magic Unicorn"
669,Round Trip
670,Letters from a Lost Uncle
671,The Boxcar Children
672,"Good Night, Little Bear"
673,The Cat on the Dovrefell: A Christmas Tale
674,My Little Pony and the New Friends
675,Show Way
676,Granfa' Grig Had a Pig and Other Rhymes Without Reason from Mother Goose
677,My Little Pony At The Country Fair
678,Christina Katerina & the Box
679,Princess Smartypants
680,The Man Who Walked Between the Towers
681,My Little Pony : Spike and the Magic Shoes
682,War Game
683,Puss in Boots
684,Rhyming Dust Bunnies
685,The Seven Chinese Sisters
686,Cinder Edna
687,Blackout
688,Tea Rex
689,The Saggy Baggy Elephant
690,The Four Seasons of Brambly Hedge
691,The Watermelon Seed
692,Zomo the Rabbit: A Trickster Tale from West Africa
693,Knuffle Bunny Free: An Unexpected Diversion
694,Spring Story
695,The Snow Princess
696,Wacky Wednesday
697,Strawberry Shortcake's Cooking Fun
698,Hairy Maclary Scattercat
699,The Hockey Sweater
700,What Makes A Rainbow
701,Big Pumpkin
702,Where's Wallace?
703,Madlenka
704,Grumpy Bird
705,The Only Child
706,Pecos Bill
707,The High Hills
708,South
709,Zen Ties
710,Black Dog
711,I Wish That I Had Duck Feet
712,Sweet Dreams for Sally
713,Oh My Oh My Oh Dinosaurs!
714,Tootle
715,Blue Goose
716,My Friend Rabbit
717,The House in the Night
718,"Johnny's House: A Delightful New Version of a Favorite Old Children's Story, Told in English, Japanese and German"
719,Solomon the Rusty Nail
720,The Piggy in the Puddle
721,When I Grow Up: P.J. Style
722,The Little Pot
723,Bug's Trip to the Store
724,"Not Yet, Rose"
725,Rex Marks the Spot
726,Nathan Saves Summer/Nathan Rescata El Verano
727,Teddy the Bear
728,Edsel McFarlan's New Car
729,A Star in the Night
730,Bedtime Hugs for Little Ones
731,Little Bird You Are Perfect
732,Princess Dessabelle Makes a Friend
733,Fancy Nancy and the Boy from Paris
734,Dart and the Squirrels
735,Cackle Goes A-Courting
736,Sergio Aragonés: The Groo Houndbook
737,Little Tales of Ben & Buckett: Helping in Grandma's Garden
738,Ladybug and Caterpillar: The Way to Friendship
739,Anna Finds a Home
740,Life Story
741,Snowball Fight!
742,Cool Willy Green and Friends
743,Trouble on Earthday
744,You Can't Take a Balloon into the Metropolitan Museum
745,Perry Bear Goes For A Walk
746,A Tree for Max: A Fable
747,Sofia's Dream
748,"Fantastic, Fabulous Creatures & Beasts"
749,My Daddy Is in the Army
750,Left Shoe Right Shoe
751,A Sticky Situation
752,Day Is Done
753,Honey the Hero
754,Grandma's Beehive Hairdo
755,The Wish Trees
756,The Land of Lost Buttons
757,Whispered Wonders
758,"Daddy, I'm Afraid"
759,The Rainbow Stick Boy
760,Princess Charleston of the Isle of Palms
761,Sam Curious
762,My Love for You Grows
763,The Ruby Red Slippers
764,Bosley Sees the World: A Dual Language Book in Arabic and English
765,Pink is Just a Color and so is Blue
766,The Little Ant
767,Love's Complete: A Russian Adoption Journey
768,The Dream Box
769,Old Pig
770,Li'l Lingo Can't Rhyme Tuba
771,Lambert's Reasons for the Seasons
772,Riding on a Beam of Light
773,Higgenbloom and the Dancing Grandmas
774,Peter's Purpose
775,Adventures of a Nepali Frog
776,If Chocolate Were Purple
777,Shadow
778,World Adventurers for Kids Books 1-3
779,Do Monsters Wear Undies?
780,Sleepy Bunny - A Nap Time Tail
781,Chasing Butterflies
782,Neurology: The Amazing Central Nervous System
783,The Tinfoil Girl
784,Bailey Beats the Blah
785,The Unpopular Pea
786,Libertania: The Liberation of Conformia
787,Zodiacts: A Whimsical Introduction to Celestial Beings
788,Brick ABC: An Alphabet Book Illustrated with LEGO Bricks
789,How to Fight a Cold
790,The Legend Of Everwinter
791,Serious Sas and Messy Magda
792,Abigail and Her Pet Zombie
793,"Scuttle, the Stowaway Mouse"
794,The Princess Mermaid and the Missing Sea Shells
795,Red Is the Color Of...
796,Nobody Bullies Bub
797,Velluto. Storia di un ladro
798,Alphabet Picnic
799,Do Turtles Eat Strawberries: Back Yard Nature Kids
800,Wolf's Coming!
801,The Lion and the Mouse
802,Olinguito Speaks Up
803,"What is Love: A Kid Friendly Interpretation of 1 John 3:11, 16-18 & 1 Corinthians 13:1-8 & 13"
804,The Amida Tree
805,Heartwood
806,When I Grow Up
807,Bookee and Keeboo search for a chicken
808,We're Three: A Story About Families And The Only Child
809,Supreme Kitchen Team – King Rupert’s Raspberry Vanilla Cupcakes
810,Mary and her pet lamb - The last day at school
811,Mark and the Magic Apple Tree
812,Sue The 'Mingo
813,"Toes, Knees, Shoulders, Head...When I'm Done I Go To Bed"
814,Pictivities
815,Visual Inspirations: A Visual Guide of Inspiring Words And Quotes
816,Maya & Filippo Look for Whales
817,"The Reindeer Gift: A Fun, Easy Christmas Tradition"
818,"The Legend of Dust Bunnies, a Fairy's Tale"
819,Larry & Family
820,Ten Thankful Turkeys
821,Whiny Whiny Rhino
822,Earth Remembers When
823,Poussin Catastrophe: Le D�m�nagement
824,Lolly and The Holly Berry Tree
825,Brody Brocken and His Epic Bike Trek
826,One Wintry Night
827,Emma Learns to Sprout
828,Another Great Adventure of the Talavera Twins: Save a Penny
829,The boring evening
830,The Little Parrot and the Angel's Tears
831,Mariah
832,"Christmas Eve, Eve!: How Katie found the best present of all, The Present Moment"
833,Moxie Fox has Adventure for Breakfast
834,Celia and Nonna
835,Teddy Cool Cleans Up
836,Sheila and the Magnificent Tail
837,The Moth and the Sun
838,Hellen Hen
839,The Lighthouse Keeper's Lunch
840,The Monster That Ate My Socks
841,Donkey's Kite
842,My Busy Week
843,A Color of His Own
844,Ivy and Bean
845,The Dinosaur That Lost His Roar: The story of Dylan the dinosaur who lost his loud roar!
846,The Girl and The Moon
847,Veggies Have Feelings Too: It's fun to learn the names of the veggies in English and Spanish
848,Isn't this god's water
849,Harry & Hopper
850,Doctor Snake and the Stinky Pupupepa
851,Winnie and the Red Winniebago
852,The I Spy Game
853,Sweetest Kulu
854,Put Me in the Zoo
855,Boo and Oscar in The Fantastic Fudge Fiasco
856,Fish Jam
857,Bugs Bugs Bugs Everywhere There Are Bugs
858,Children Have Got to Be Carefully Taught
859,The Little Brown Animal
860,A Flight of Butterflies
861,Alexander and the Spear of Destiny
862,The Old Doll
863,Nala and the Gala
864,Silly O' Clock
865,The October Storm
866,Zac the Zombie: Back from the Dead
867,One Eyed Rex Double Feature
868,It's Snowing
869,"Books for Kids: Tommy Tiger and the New Bike: Illustration Book,Short Stories for Kids, Kids Books, Bedtime Stories For Kids, Children Books, Early Readers"
870,The Smellyphant
871,The Hermit and the Time Machine
872,Don't Stick Sticks Up Your Nose! Don't Stuff Stuff In Your Ears!
873,Ethel's New Home
874,Babies
875,Mōtītī Blue and the Oil Spill: A Story from the Rena Disaster
876,"Books for Kids: I Am Froggy: Illustration Book: Bedtime Stories For Kids, Children's Books, beginner reader books"
877,When a Dragon Moves In
878,Ol' Halloween Night
879,"Once Upon Alaska, A Kid's Photo Book"
880,Little Luigi: A Musical Adventure
881,Inspector Dewey
882,Welcome to Foxyland: Great Adventures of Little Foxycat
883,The Surfer & The Seal
884,Alice Mongoose and Alistair Rat in Hawaii
885,Not Without My Whale
886,Ferocious Dennis
887,The Composer Is Dead [With CD]
888,"Little Leaf, Clever Leaf"
889,Tippy and Freckles Great Adventures - The Undersea Adventure
890,Grumbles
891,The Night Parade
892,The Secret World of Fairies
893,A Dangerous Encounter
894,Maxi Dog Becomes Polite
895,Imam Ghazzali and the robbers of khorasan
896,Lisa And Egon: Teaching A Hippo To Dance
897,Cache Lune
898,Big Red Firetruck!
899,Beautiful Boy
900,Christmas Night on the Farm
901,God Created You
902,Blacky Rinus
903,The Day Poppa Turned into a Star
904,Crombie the Zombie
905,Luke Walker: Animal Stick Up For-Er
906,Wolletje Wit
907,Sophie and the Donkey
908,Hello Fred!
909,Goofsville
910,Coloring Book
911,The Adventures of Gracie & MonkeyBear
912,Barnaby the Firefly and His Missing Light
913,"The Autism Sourcebook: Everything You Need to Know About Diagnosis, Treatment, Coping, and Healing--from a Mother Whose Child Recovered"
914,Little Red Overalls
915,Camelea Like a Cardinal
916,Tabitha Fink: The Cat with One Eye
917,Return
918,The Restless Rock
919,Hokey Pokey Pirates
920,The FOX and THE TAIL COMPETITION
921,Talisha Snow White: And Her Little Munchkins
922,Luna and Me: The Story of Julia Butterfly Hill
923,A Moon Among Stars
924,Sleepy Solar System
925,Other Kids Are Kids Almost Just Like You
926,The Secret Life of Squirrels
927,The Atom: What Am I Really?
928,"Children's book: Monkey Brains -Kids Hillarious, Action & Adventure book, Bedtime stories for children,short stories for kids,Childrens books,stories, ... reader,Funny, Action and Adventure story"
929,Princess Halima and The Kingdom of Affia
930,I am running out of candies
931,The Creation Story: Children's Bible Books
932,The Moon In Daytime
933,Happy Bubble
934,There's Only One Ewe.
935,A Fairy Different Life
936,"No Mask, No Home!"
937,Snowmen at Night
938,Lt. Arnold and the Case of the Missing Biscuit
939,Gertrude and Toby Meet the Wolf
940,"Better Move On, Frog!"
941,Ants in a Hurry!
942,Mr. tab: the boy and the apps
943,The Adventures of the Gween Gwob: There's No Place Like Home
944,Do Monsters Have Birthdays?
945,The Moon Has A Big Head
946,Secret Hiding Place
947,Red Knit Cap Girl and the Reading Tree
948,Nora's First Day at School
949,Rolly Polli Ravioli
950,The Emperor's New Clothes
951,The Adventure of Thomas the Turtle
952,The Storyteller: A secret formula of love and friendship
953,Bhimrao Ambedkar: The Boy Who Asked Why
954,Zoe Zebra Loses Her Z
955,I Am A Dancer Every Day of the Week
956,Felipe Femur
957,The Frightened Little Flower Bud
958,Myrtle the Purple Turtle
959,The Alpaca That Saved Christmas
960,"Am I Small? Watashi, Chisai?"
961,Little Adventures
962,Don't Play With Your Food:  Fufu's Bistro
963,Max Loves Cupcakes
964,Mulligan Meets the Poodlums
965,How to Move an Elephant
966,Children's Book: Professor Paws Teaches Animals L Fun Rhyming Picture Book L Cool Facts L L Book Series for Kids L Look & Learn
967,Maybe God Is Like That Too
968,Little Mouse's Sweet Treat
969,Samuel Stanley Scotty Snight
970,"If Streets Could Talk, What Would They Say?"
971,Cranky Bear Wakes Up
972,Today I'm a Monster
973,Llama Llama Mad at Mama
974,Milly's Jungle Adventures: The Jungle Talent Show
975,Snow Sisters!
976,Brother Billy Bronto's Bygone Blues Band
977,The Blobs
978,Our Legendary Ladies Presents Harriet Tubman
979,Benjy Bunn's Busy Day
980,What's Hidden in the Woods?
981,Toni the Superhero
982,Hearts Are For Showing Love
983,The Zebra Elephant
984,Sad Simon
985,"My Dad, the Earth Warrior"
986,Magic Wonder: We are all Made of Love
987,The Little Star Fisher
988,Taos the Wizard Mouse
989,The Hugely-Wugely Spider
990,Unhinged
991,Diary of a Giraffe. Harry and Bedtime
992,Jasper the Bold
993,Hubert's Hair Raising Adventure
994,The Lucky Little Leprechaun: A Saint Patrick's Day Tradition
995,A Boy at Heart
996,The Iron Kingdoms
997,Sam: The Cat Without a Tail
998,Adult Color Book: Relax in the Garden
999,Jordan and the Dancing Hippo: Rhyming Picture Book for Beginners and Early Readers
1000,Sammy's Big Change
1001,"Amelia, the Merballs and the Emerald Cannon: Book Three: Amelia's Amazing Space Adventures"
1002,Adventures of the Cat Who Walked His Own Way: Illustrated Children's Book
1003,Like A Girl
1004,Mixed: A Colorful Story
1005,Zog
1006,Timothy's Lessons in Good Values: Volume 2
1007,I Wish I Were a Fairy Tale: A Story Illustrated With Cakes
1008,Ronan and the Alien Pumpkin
1009,The Stone Age Kids Discover America
1010,Adventures of Three Colors
1011,Five Little Speckled Frogs
1012,The Emperor of Absurdia
1013,Birthday in the Barrio/Cumpleanos en el barrio
1014,Punxsutawney Phyllis
1015,Monster Mama
1016,Izzy and the Candy Palace
1017,Lullaby Moon
1018,Sorry Miss
1019,Santa's Birthday Gift
1020,The Animal King's Words of Wisdom
1021,A Birthday for Frances
1022,Sh Sh Sh Let the Baby Sleep
1023,The Purrfect Puppy
1024,"Weezie, the Elephant with Allergies"
1025,"Your Fantastic Elastic Brain: Stretch It, Shape It"
1026,Davey the Detective
1027,A Taste of Colored Water
1028,The Family Itch
1029,D Is for Drinking Gourd: An African American Alphabet
1030,Otto the Book Bear
1031,Li'l Lingo and the Stream
1032,Carlo the Mouse on Vacation
1033,Zoe the Zebra
1034,Brianna the Ballet Fairy
1035,Curious George Curious You: On Your Way!
1036,How to Catch a Cold
1037,Me And My Friends Around The World
1038,Abigail and Her Pet Zombie: Zoo Day
1039,The Tale of Pigling Bland
1040,The Water Of Life: A Tale From The Brothers Grimm
1041,B is for Beach
1042,Why We Give Gifts at Christmas Time
1043,Caterpillar Rhyme Time: Back Yard Nature Kids
1044,Dorothea Duck and Her Little Companion
1045,Bookee and Keeboo go on a Trip
1046,Nanna's Boot Camp
1047,Flowers for Grandmother
1048,Alaska and Back: With Dave and Dorothy
1049,"Cabeza, Hombros, Rodillas, Y Pies...A Mi Cama Llegué Y Mi Meta Logré"
1050,I Remember When...
1051,Calamity Chick
1052,Five Little Monkeys Reading in Bed
1053,Nap-A-Roo
1054,Wilderness Cat
1055,"Good News, Bad News"
1056,Where the Flowers are Purple: How Aiden Found The Secret to Positive Thinking.
1057,Fish is Fish
1058,The Lizard Stuck in a Blizzard: This is the rhyming story of Lizzy the lizard that got stuck in a blizzard!
1059,The Numbers' Day at the Park: It's fun to learn your numbers in English and Spanish.
1060,Snowflakes Fall
1061,A Book of Rhyming Words
1062,"Children books: SOPHIE'S SURPRISE EGG,Beginner readers early readers & learning kids collection. Fiction story picture books for children & Toddlers, Bedtime ... fiction beginner reader books Book 2)"
1063,10 Cheeky Monkeys
1064,Harry Helps Grandpa Remember
1065,The Tunnel
1066,Ice Cream Kitty
1067,The Trotters of Tweeville: Zavis Damavis
1068,One Eyed Rex and His Awesome Imagination
1069,"Books for Kids: Tommy Tiger Becomes a Firefighter: Illustration Book,Short Stories for Kids, Kids Books, Bedtime Stories For Kids, Children Books, Early Readers"
1070,Grumbug!
1071,The Haunted Abbey
1072,Jingle Dancer
1073,"Books for Kids: I hate vegetables, what can I do???: Illustration Book: Bedtime Stories For Kids, Children's Books, beginner reader books"
1074,Otis and the Tornado
1075,Dust Fairy Tales: Absolutely Aggie
1076,"A Fine Dessert: Four Centuries, Four Families, One Delicious Treat"
1077,Tippy and Freckles Great Adventures - City Bound
1078,Thank You Bear
1079,The Secret World of Unicorns
1080,Maxi Dog Takes a Bath
1081,Grandma's Thanksgiving Dinner
1082,Megan & Flos: Book 1
1083,Sophie and the Squirrel
1084,The Turtle and The Hair!
1085,Counting on Fruit with Nerdel:
1086,The Find
1087,Coloring Book
1088,Angels and Demons / The Da Vinci Code
1089,Jack and the Cornstalk
1090,Camelea Like a Rabbit
1091,Tabitha Fink On A Mission To Mars
1092,Wonder
1093,The Brave Little Chick
1094,An Author's Odyssey
1095,Raymond Goes to the Dentist: Inspiring Kids to Be Better
1096,I Am the Mummy Heb-Nefert
1097,Navikate and the Sound of the Sea
1098,Gertrude and Toby Save the Gingerbread Man
1099,lego ® fractions 1: Learning fractions with legos® - part 1
1100,A Kitty!
1101,Peter Pan
1102,The Lazy Hour
1103,Not Yet
1104,Maple & Willow Together
1105,The Maggie B.
1106,Betsy Bird Learns To Fly: Free audio book included. Children's bedtime rhyming picture story book. Preschool book for kids ages 2-4
1107,The Monsters Under the Bed: and Other Spooky Stories for Kids
1108,Prayers For Children: Children's Bible Books
1109,The Travels of Adventurous Alexander and Relentless Russell: Dominican Republic
1110,"I Love You, Stinky Face"
1111,The Perfect Potty Zoo: The Funniest ABC Book
1112,The Owl and The Magical Medicine Tree
1113,Sam and Dave Dig a Hole
1114,Shine Little Light: Bittersweet Memories of Miracles & Wonders
1115,What's Hidden in the Sea?
1116,Arnold and Louis. Gold rush.
1117,Mindful Millie
1118,"Good Night, Sweet Baby"
1119,Taos the Wizard Mouse
1120,The Bees
1121,"Matt, the Green Cat: Inspirational Step Reading Chapter Book for Kids"
1122,"Sleep Well, Siba and Saba"
1123,"Stop! Don't Read This, It's Impossible!"
1124,Chester the Worldly Pig
1125,Sylvander Finds a Gift of True Happiness
1126,The Black Dog
1127,Eggar On The Inside
1128,Sugarlump and the Unicorn
1129,Stig of the Dump
1130,The Dinosaur that Pooped Christmas
1131,The Winter Bear
1132,Timothy's Lessons in Good Values
1133,Becky Lou in Grandmother's Days
1134,Who Made Me?
1135,Can't Sleep Without Sheep
1136,Poinsettia and Her Family
1137,Xander and the Wind
1138,Eric
1139,Five Little Ducks
1140,"How To Say, ""I Love You"""
1141,My Little Geek
1142,What Does It Mean To Be Present?
1143,Poppy the Proud
1144,Sally's Submarine
1145,Sarah Saw A Blue Macaw
1146,Fairy ABC
1147,King Stork
1148,Li'l Lingo Meets the King
1149,Dinosaurs & Cherry Stems
1150,Ellie the Elephant
1151,Zombie-Kids Go Green
1152,When Titans Roamed
1153,The Nativity play
1154,S is for Shore
1155,I Spy Fly Guy!
1156,The No-No Bugs: Back Yard Nature Kids
1157,Little Miss HISTORY Travels to THE STATUE OF LIBERTY
1158,The Help
1159,"Ariel Bradley, Spy for General Washington"
1160,The Barefoot Book of Princesses
1161,"Toes, Knees, Shoulders, Head, When I'm Done, I Go to Bed"
1162,Marie and Her Friend the Sea Turtle: Mara y Su Amiga La Tortuga del Mar/Marie Et Son Amie La Tortue de Mer
1163,Six-Dinner Sid
1164,"Olive, the Other Reindeer"
1165,The Whale That Broke the Scale: The story of Wendy the whale who broke the scale!
1166,The Little White Ball and His Big Idea: It's fun to learn your colors in English and Spanish
1167,All The Animals I Know
1168,Gross Gus and the Time Out Chair
1169,The Mountain
1170,Chickadee Chick
1171,The Pigeon Finds a Hot Dog!
1172,One Eyed Rex and The Crazy Pool Monster
1173,"Books for Kids: Tommy Tiger and the Football Fear: Illustration Book,Short Stories for Kids, Kids Books, Bedtime Stories For Kids, Children Books, Early Readers"
1174,Hector's Shell
1175,The Bully and the Leprechaun
1176,Animals Should Definitely Not Wear Clothing
1177,"Books for Kids: The Ugly Duckling: Illustration Book: Bedtime Stories For Kids, Children's Books, beginner reader books"
1178,Tippy and Freckles Great Adventures - The Skateboard Race
1179,Little Bea
1180,The Secret World of Mermaids
1181,Maxi Dog and Patience
1182,Reflecto Girl: Book 1
1183,Sophie and the Wax Doll
1184,Animals In My Pocket!
1185,Coloring Book 1)
1186,Beauty and the Bees
1187,Camelea Like the Elephants
1188,The Blue Mermaid and The Little Dolphin Book 3
1189,Little Katie Goes to the Moon
1190,Monty the fish goes to the Zoo
1191,Opera Cat
1192,El Higo Mas Dulce = The Sweetest Fig
1193,Gertrude and Toby's Friday Adventure
1194,legomath box: 3 in 1 set lego fractions - lego addition and subtraction and lego multiplcation
1195,A Puppy!
1196,Mister Second Runs Out of Time
1197,There's a Fish in My Tent
1198,A Visit to William Blake's Inn: Poems for Innocent and Experienced Travelers
1199,No One Quite Like Me
1200,Trauriger Tiger toastet Tomaten. Ein ABC.
1201,Robo-Sauce
1202,Absurdimals: Lola Goes to School
1203,Taos the Wizard Mouse
1204,"It's a Busy, Busy World"
1205,I Don't Want to Eat Bugs
1206,Beegu
1207,Where Is My Voice?
1208,Hilda Must Be Dancing
1209,Aleph
1210,Superworm
1211,Giraffes Can't Dance
1212,"Stella, Fairy of the Forest"
1213,Alexander and the Magic Mouse
1214,Die dumme Augustine
1215,Cookies: Bite-Size Life Lessons
1216,Nobody Knows I Have Delicate Toes
1217,The Halloween Performance
1218,Jip en Janneke
1219,Zoom!
1220,Farm
1221,The Pea in Peanut Butter
1222,What Does It Mean To Be Global?
1223,L'herbier des fées
1224,People
1225,Gimme-Jimmy
1226,Arrow to the Sun
1227,The Prince of Ireland and the Three Magic Stallions
1228,Denslow's House that Jack Built and Little Red Riding Hood.
1229,Li'l Lingo Sleeps
1230,Nana's Gift
1231,Bub and Guy Wish Upon a Star
1232,Little Miss HISTORY Travels to SEQUOIA National Park
1233,The Barefoot Book Of Pirates
1234,The Teddy Bear
1235,Gorilla
1236,The Gingerbread Rabbit
1237,The Library Dragon
1238,The Little Yellow Digger
1239,Ivy and Bean Break the Fossil Record
1240,The Pony That Hates Macaroni: The rhyming story of Peyton the pony that hates macaroni!
1241,Madi's First Week at School: It's fun to learn the days of the week in English and Spanish
1242,Walking With Grandpa
1243,The Bee and the Butterfly: A Fable
1244,Ernie the Elephant and Martin Learn to Share
1245,Don't Let the Pigeon Stay Up Late!
1246,"Books for Kids: Tommy Tiger Visits Veggie World: Illustration Book,Short Stories for Kids, Kids Books, Bedtime Stories For Kids, Children Books, Early Readers"
1247,The Great and Wondrous Storyteller
1248,Books for Kids: Little Red Riding Hood New Version 2015
1249,Amos & Boris
1250,Little Dog and the Christmas Wish
1251,Bear in Underwear
1252,Fairyopolis: A Flower Fairies Journal
1253,Gaston
1254,Venus Aqueous: Book 1
1255,Dinosaurs A to Z! Dinosaur Alphabet!
1256,Ciderella and the Little Glass Sipper
1257,"Princess Luciana, the Pretty Kitty Cat"
1258,A Grimm Warning
1259,"Encore, Opera Cat!"
1260,What's Wrong with My Hair?
1261,LEGO Multiplication: multiply with legos
1262,A Superhero Surprise
1263,The Tapeworm
1264,No One Quite Like Me: Free audio book included. Children's bedtime rhyming picture story book. Preschool book for kids ages 2-4
1265,Are You My Dad?
1266,Should You Be a River: A Poem About Love
1267,Сюзетта ищет маму
1268,The Little Alligator with Orange Feet
1269,Taos the Wizard Mouse
1270,"My Snowman, Paul"
1271,Maya's Magical Adventures
1272,The Tea Party in the Woods
1273,The Troll
1274,Aladdin
1275,The Scarecrows' Wedding
1276,A Bear Called Paddington
1277,Kadonneiden eläinten saari
1278,The King Who Learned to Smile
1279,Bill and Pete To The Rescue
1280,Big Words for Little People
1281,"Sleep Tight, Little Bear"
1282,Poinsettia and the Firefighters
1283,Once there was a bull...frog
1284,The Magic Pudding
1285,Book of Cities
1286,What Does It Mean To Be Green?
1287,Spoon
1288,Jack and the bean-stalk. Humpty Dumpty
1289,Petal the Owl - A Five-Book Compilation
1290,Chalk
1291,Eloise at Christmastime
1292,"Dr. Seuss's Green Eggs and Ham: For Soprano, Boy Soprano, and Orchestra"
1293,Quincy and Buck
1294,Hobbs Goblin in The Treasure Adventure
1295,The Unicorn That Lost Her Horn: The story of Trixie the unicorn who lost her little horn!
1296,The Animal Guessing Game
1297,The Giant House
1298,"Books for Kids: Tommy Tiger Camp Adventure: Illustration Book,Short Stories for Kids, Kids Books, Bedtime Stories For Kids, Children Books, Early Readers"
1299,Seven Blind Mice
1300,The Dragon and the Unicorn
1301,"Books for Kids: The Tortoise & The Hare: Illustration Book: Bedtime Stories For Kids, Children's Books, beginner reader books"
1302,Spuds
1303,Bluebird
1304,Adelaide's Secret World
1305,Return to Fairyopolis
1306,In the Company of Bears
1307,The Princess Who Liked to Be Popular
1308,Ocean Night Hunt!
1309,Princess Matilda and Her Magical Unicorn 2
1310,Moon Jump: The Boy Who Bounced to the Moon
1311,Dinner at Magritte's
1312,Tufty's Pot Of Paint
1313,Mon Amour
1314,Christmas in Bermuda: The Purple Grumblies
1315,"Star Wars Wisdom: Star wars Inspirational Quotes from Yoda, Obi-wan and others"
1316,Zeke and Zak Fumble Through A Fairy Long Lesson
1317,Eins Zwei Drei Tier
1318,Where Do Diggers Sleep at Night?
1319,Charlie the Caterpillar
1320,Smoky Night
1321,Куда торопятся машины?
1322,When Fur and Feather Get Together
1323,Taos the Wizard Mouse
1324,Snow White
1325,Harry's Lovely Spring Day
1326,What Do You Say?
1327,Hugs and Kisses
1328,Martin's Dinosaur
1329,Like Butter on Pancakes
1330,Frankenstein Makes a Sandwich
1331,Unknown Book 3454322
1332,Johnny Crow's Party
1333,Babushka Baba Yaga
1334,This Is New York
1335,Tops & Bottoms
1336,"Soy feliz, no me preocupo"
1337,Oh Brother!: A Nico and Tugger Tale.
1338,Where Are the Dinos?
1339,The Dog Who Cried Wolf
1340,Nanna's Storm
1341,Bats at the Ballgame
1342,Serendipity
1343,Haifa: My Home Town
1344,Guji Guji
1345,David's Father
1346,Betty Bear's Birthday
1347,Books for Kids: Jurassic World
1348,Zoo Ah-Choooo
1349,A Practical Guide to Dragons
1350,Reflecto Girl and Other Stories: Comic Book for Kids
1351,A Is For Alligator! B Is For Bear! Animal Alphabet!
1352,The Sloth and her Friends
1353,The Enchantress Returns
1354,Spindle's Picnic
1355,Harry the Dirty Dog
1356,The Color Of Beauty
1357,The Hideous Child
1358,Finding Wild
1359,Counterfeit Country Queen Dreams
1360,Iron Hans
1361,Fifteen Feet of Time/Cinco Metros de Tiempo: Bilingual English-Spanish Picture Book
1362,Где живут коты?
1363,Capyboppy
1364,"Goodnight, Swampy the Little Monster"
1365,The Man Who Didn't Wash His Dishes
1366,Even
1367,Dinosaurs Love Underpants
1368,Which Witch
1369,Africa Dream
1370,The Crane Wife
1371,Donuts
1372,Miss Suzy
1373,Too Many Dinosaurs
1374,Rain Makes Applesauce
1375,Angel's Puppies
1376,Something Good
1377,"Books for Kids: Rise Above Failure : An Eddie Tale,Illustration Book"
1378,More Bears!
1379,"Hi, Pizza Man!"
1380,In the Realm of the Never Fairies: The Secret World of Pixie Hollow
1381,The Night Hunters!
1382,There Was an Old Lady Who Swallowed a Fly
1383,The Journey of the Little Panda MANDA
1384,White Jenna
1385,"Simpson, the slimy snake, slithers sideways"
1386,Flipperty's Aeroplane
1387,It's Useful to Have a Duck
1388,Rescued! The Amazing Story of Gertie Agouti
1389,Timed to Perfection
1390,Carson Crosses Canada
1391,Осенние рыбы. Первые уроки творчества
1392,Boy and the Very Lonely Pony
1393,Rikki-Tikki-Tavi
1394,Benjamin Birdie's First Flight
1395,The Snatchabook
1396,Indian Two Feet and His Horse
1397,Das elektrische Schwein
1398,Joy
1399,Mirabelle
1400,Bootsie Barker Bites
1401,Chicken Little
1402,Playmates
1403,Today And Today
1404,Furmaid
1405,Imagine a Day
1406,There Was an Old Lady Who Swallowed Fly Guy
1407,A Frog in the Bog
1408,Color in Our World
1409,Mercy Watson Thinks Like a Pig
1410,Little Toot
1411,"Books for Kids: The boy who cried wolf :To teach children not to lie:Illustration Book: Bedtime Stories For Kids, Children's Books, beginner reader books"
1412,The Farmer and the Clown
1413,Perfectly Percy
1414,Froodle
1415,Dragonology: The Complete Book of Dragons
1416,Why Are You a Vegan? and Other Wacky Verse for Kids
1417,Bug Fun!: Creatures of the World!
1418,Princess Matilda and Her Magical Unicorn 3
1419,If I Built a House
1420,"Sister Light, Sister Dark"
1421,Nocturne
1422,Lily's Curl
1423,Grumpy Goat
1424,Бриллиант десяти сил
1425,Amazing Grace
1426,Happy Easter
1427,"You're a Hero, Daley B!"
1428,Alligator Baby
1429,Mommy?
1430,The Dumb Bunnies
1431,"How to Be a Baby . . . by Me, the Big Sister"
1432,Moon Ghostie Manners
1433,Patrick
1434,Beewitched
1435,Hi! Fly Guy
1436,"Good Morning, World!"
1437,Clementine is Fairy Special
1438,The Invisible Boy
1439,Christmas Trolls
1440,The Very Old Painter and Her Husband
1441,Mercy Watson to the Rescue
1442,How Kind!
1443,"Books for Kids: An Interview With Domesticated Wildlife: Illustration Book: Bedtime Stories For Kids, Children's Books, beginner reader books"
1444,Dream Friends
1445,Up in the Garden and Down in the Dirt
1446,Blue Book! Orange Octopus!
1447,Shane and Shawn the Shark
1448,ZooZical
1449,The Girl on the Train
1450,Tales of Oaktree Wood: Vicky's New Hat
1451,The Animal Fair
1452,Harriet's Had Enough!
1453,Complete Book Of Farmyard Tales
1454,Mustache!
1455,The Storm Whale
1456,Something for Christmas
1457,We are the Ship: The Story of Negro League Baseball
1458,The Story of Frog Belly Rat Bone
1459,The Christmas Crocodile
1460,The Bugville Critters Explore the Solar System
1461,Fox Walked Alone
1462,"That's Why We Don't Eat Animals: A Book About Vegans, Vegetarians, and All Living Things"
1463,Neckless: The Audrey Amaka Story
1464,Laura Charlotte
1465,Dinosaur Roar!
1466,The Little Fairy
1467,"Books for Kids: THE TRUE RAY OF HOPE: Illustration Book: Bedtime Stories For Kids, Children's Books, beginner reader books"
1468,Odd Duck
1469,Matt and Holly
1470,Shane and Shawn the Shark 2
1471,Me and My Cat?
1472,Ghost Doll
1473,The Old Man Who Loved Cheese
1474,"A Boy, a Dog, and a Frog"
1475,A Promise is a Promise
1476,Little Black Goes to the Circus
1477,black is brown is tan
1478,Waggers
1479,A Quest for Good Manners
1480,Let's Do Nothing!
1481,The Fox Went Out on a Chilly Night
1482,Rabbit's New Rug
1483,Ice Cream Snow
1484,The Wump World
1485,"Books for Kids: I am Hamlet: Bedtime Stories For Kids, Children's Books, beginner reader books"
1486,Little Owl's Orange Scarf
1487,Triangle and Square
1488,Going to School
1489,Rumpel-stiltskin
1490,The Aesop for Children
1491,Seven Diving Ducks
1492,Tickets to Ride: An Alphabetic Amusement
1493,We Eat Dinner in the Bathtub
1494,"Chicka Chicka 1, 2, 3"
1495,Porcupining: A Prickly Love Story
1496,I'm the Best Artist in the Ocean!
1497,The Wild Horses of Sweetbriar
1498,Fairy Dust and the Quest for the Egg
1499,Lousy Rotten Stinkin' Grapes
1500,Hedgie Loves to Read
1501,The Bird's Last Song
1502,"Books for Kids: Super Ants: Illustration Book: Bedtime Stories For Kids, Children's Books, beginner reader books"
1503,Holly Claus: The Christmas Princess
1504,Animal Fun!
1505,My Aunt Mary Went Shopping
1506,Changes
1507,The Adventures of Lady: The Big Storm
1508,Little Red Riding Hood
1509,Plus Noir Que La Nuit
1510,Sinä olet superrakas
1511,Crazy Quilt the Circus Pony
1512,"Bubble Gum, Bubble Gum"
1513,Pibbin the Small: A Tale of Friendship Bog
1514,The Story of Holly and Ivy
1515,Fairy Haven and the Quest for the Wand
1516,Too Many Toys
1517,On the Night You Were Born
1518,The Hallo-Weiner
1519,"Books for Kids: Three Little Pigs: Illustration Book: Bedtime Stories For Kids, Children's Books, beginner reader books"
1520,The King of Space
1521,Danger The Dog Yard Cat
1522,The Girl Who Loved Wild Horses
1523,Sea Animal Fun!
1524,The Adventures of Lady: The Big Climb
1525,Zinnia's Flower Garden
1526,Hector Protector and As I Went Over the Water: Two Nursery Rhymes
1527,The Very Cranky Bear
1528,Malala's Magic Pencil
1529,Goldilocks
1530,Tubby Turtle
1531,Little Cliff and the Porch People
1532,King of the Playground
1533,A Bargain for Frances
1534,"Impeccable Petunia Part 1: Claws, Paws, Feathers and Jaws"
1535,Melisande
1536,Chloe and the Lion
1537,Snow White
1538,Inch by Inch
1539,"White Owl, Barn Owl"
1540,Kissyfur and His Dad
1541,Books for Kids: The Greatest Treasure In The Forest
1542,I Can See Just Fine
1543,Dinosaurs Are the Best
1544,Peek-a-Boo Bunny
1545,Interstellar Cinderella
1546,Thunderhoof
1547,Betty Doll
1548,Coming on Home Soon
1549,The Mountains of Tibet
1550,The Butterfly Ball And The Grasshopper's Feast
1551,Where Did They Hide My Presents?  silly dilly Christmas songs
1552,When Dinosaurs Die: A Guide to Understanding Death
1553,The Sandman: The Story of Sanderson Mansnoozie
1554,Pig Pig Meets the Lion
1555,Gus And The Baby Ghost
1556,"Books for Kids: The Happy Crocodile: Bedtime Stories For Kids, Children's Books,beginner reader books"
1557,Ghost in the House
1558,We Are Wolves
1559,So Many Dinosaurs
1560,Frisky Brisky Hippity Hop
1561,A Child's Good Morning Book
1562,The Cow Who Fell in the Canal
1563,Alligators All Around
1564,Millicent and the Wind
1565,The Magic String
1566,And Then It Rained... And Then the Sun Came Out...
1567,Goin' Someplace Special
1568,The Old Woman and the Willy Nilly Man
1569,In the Garden
1570,Rules of Summer
1571,The Bears in the Bed and the Great Big Storm
1572,"Scholastic Reader Level 1: Funny Bunnies: Morning, Noon, and Night"
1573,The Happy World Of Strawberry Shortcake
1574,"Books for Kids: Kelly's Kitten: Bedtime Stories For Kids, Children's Books, beginner reader"
1575,Ganesha's Sweet Tooth
1576,The Name Game Book
1577,The Secret Life of Squirrels: A Love Story
1578,From Far Away
1579,Wolf Academy
1580,Look Out For Pirates!
1581,No Nap
1582,In a Blue Room
1583,Mooshka: A Quilt Story
1584,Raven: A Trickster Tale from the Pacific Northwest
1585,Disappearing Desmond
1586,How to Heal a Broken Wing
1587,"What Do You Say, Dear?"
1588,Brontorina
1589,The Best Loved Bear
1590,"Books for Kids: The Stories Of Mermaids: Illustration Book: Bedtime Stories For Kids, Children's Books, beginner reader books"
1591,If You Give a Moose a Muffin
1592,BETTER
1593,Baby Bear Sees Blue
1594,Tickle Monster
1595,Luke Goes to London
1596,Whistle for Willie
1597,Little Owl Lost
1598,The House That Had Enough
1599,Pinky and Rex and the Spelling Bee
1600,The House on Dirty-Third Street
1601,Who Sank the Boat?
1602,Dance in the Desert
1603,Morris Micklewhite and the Tangerine Dress
1604,Being Green
1605,Maple
1606,Foxy in Love
1607,El árbol de lilas
1608,Oscar Otter and the Goldfish
1609,Luke and Holly Join Forces
1610,The Z Was Zapped
1611,Castaway Cats
1612,The Kitchen Knight: A Tale of King Arthur
1613,Harry and the Monster
1614,Pigs in Hiding
1615,The Strange Appearance of Howard Cranebill
1616,The 13th Clue
1617,I Can Do It Myself!
1618,The Tiny Seed
1619,Window
1620,The Midnight Library
1621,"Ultra-Violet Catastrophe! Or, The Unexpected Walk with Great-Uncle Magnus Pringle"
1622,Goodnight Baseball
1623,A to Z
1624,The Bunnies' Picnic
1625,Muffin Mouse's New House
1626,Cat Heaven
1627,Socks for Supper
1628,Astro Bunnies
1629,Hug Me
1630,Pat the Beastie
1631,Riptide
1632,God Gave Us Love
1633,The Way We Work: Getting to Know the Amazing Human Body
1634,Petrosinella: A Neopolitan Rapunzel
1635,The Gift
1636,Butterfly Park
1637,Ten Eggs in a Nest
1638,Sleepy Bears
1639,Shrek!
1640,What Will Hatch?
1641,Chester's Back!
1642,Ella Bella Ballerina and Swan Lake
1643,Grover's Day At The Beach
1644,The Planet Hunter: The Story Behind What Happened to Pluto
1645,The Very Lazy Ladybug Pop-Up
1646,Glitterby Baby
1647,"McFig & McFly: A Tale of Jealousy, Revenge, and Death"
1648,The Little Gnome
1649,Green Eyes
1650,The Baby Unicorn
1651,Chopsticks
1652,The New Arrival
1653,Curious George Rides a Bike
1654,The Wonky Donkey
1655,Billy Twitters and His Blue Whale Problem
1656,Blanche Neige
1657,Little Bo-Peep
1658,Chester
1659,Pierre  Bear
1660,Cookie's Week
1661,Klutz
1662,Toot & Puddle: The One and Only
1663,It's Mine
1664,How My Parents Learned to Eat
1665,Just Grandma and Me
1666,Rapunzel
1667,Henry's Freedom Box: A True Story from the Underground Railroad
1668,Waterloo & Trafalgar
1669,Baby Penguins Everywhere!
1670,Lost & Found
1671,Little Beauty
1672,Snow Party
1673,The Three Ninja Pigs
1674,We Three Kings
1675,Open Very Carefully: A Book with Bite
1676,Grover and the Everything in the Whole Wide World Museum
1677,I Wish I Were a Butterfly
1678,The Vanishing Pumpkin
1679,Simon's Book
1680,Is That Josie?
1681,Little Elephant's Long Nose
1682,Whopper Cake
1683,The Island
1684,Snow White
1685,"June 29, 1999"
1686,The Little Island
1687,We All Went on Safari
1688,The Tiny King
1689,Animals in Flight
1690,This Book Just Ate My Dog!
1691,Kaddish for Grandpa in Jesus' Name Amen
1692,The Fool and the Flying Ship
1693,Here Comes Darrell
1694,There's an Alligator under My Bed
1695,Little Oh
1696,The Biggest Sandwich Ever
1697,Somebody and the Three Blairs
1698,May I Pet Your Dog?: The How-to Guide for Kids Meeting Dogs
1699,Dinosaurs Before Dark
1700,Curious George Goes to the Hospital
1701,Sparky!
1702,Secreto de familia
1703,Bionic Bunny Show
1704,Noah and the Devil: A Legend of Noah's Ark from Romania
1705,Duck for President
1706,Beautiful
1707,Cats! Cats! Cats!
1708,Peachboy
1709,A Family for Old Mill Farm
1710,Pirates Don't Change Diapers
1711,The Blue-Nosed Witch
1712,Hurricane
1713,Olivia Helps with Christmas
1714,Arthur Spiderwick's Field Guide to the Fantastical World Around You
1715,Me and You: An Enchanted New Take on the Goldilocks Story
1716,"Dragons, Dinosaurs, Monster Poems"
1717,But No Elephants
1718,Imogene's Last Stand
1719,All the Things I Love About You
1720,The Unhappy Little Dragon: Lessons Learned
1721,The Crystal Mountain
1722,Zak's Safari: A Story about Donor-Conceived Kids of Two-Mom Families
1723,A Sick Day for Amos McGee
1724,Creaky Old House: A Topsy-Turvy Tale of a Real Fixer-Upper
1725,My Dad
1726,At the Waterworks
1727,Canadian Jingle Bells
1728,The Story of the Three Little Pigs
1729,Haunted House
1730,Moon Plane
1731,Scarecrow
1732,Quiet! There's a Canary in the Library
1733,My Clearest Me
1734,Bony-Legs
1735,"The First Adventures Of Little Tim: Gift Box Set: "" Little Tim And The Brave Sea Captain "" , "" Tim And Lucy Go To Sea "" , "" Tim To The Rescue """
1736,Noddy Goes To Toyland
1737,I Love You the Purplest
1738,Dinosaur Kisses
1739,Ten Big Toes and a Prince's Nose
1740,"Splish, Splash, Splosh!"
1741,Beauty and the Beast
1742,The Tunnel
1743,Snowmen at Christmas
1744,Pete the Cat and His Four Groovy Buttons
1745,The Art Book For Children
1746,The Dwindling Party
1747,The Sorcerer's Apprentice
1748,Trafalgar True
1749,Muncha! Muncha! Muncha!
1750,Roly-Poly Snowman
1751,Farm
1752,The Sneezy Wheezy Day
1753,Muhammad
1754,Through the Milky Way on a PB&J
1755,Parsley Rabbit's Book about Books
1756,Hilary and the Lions
1757,Druthers
1758,Our Best Friends
1759,Ten Things I Love About You
1760,The Sleeping Beauty
1761,Groovy Joe: Ice Cream and Dinosaurs
1762,This is London
1763,The Surprise Doll
1764,Eggday
1765,Mama's Right Here
1766,One Saturday Morning
1767,Olivia and the Fairy Princesses
1768,Buddha
1769,Sing a Song of Popcorn: Every Child's Book of Poems
1770,The Boy and the Airplane
1771,An Anteater Named Arthur
1772,Puddle Pug
1773,Beowulf: Grendel the Ghastly: Book One
1774,The Cloud That Wouldn't Rain
1775,Sloppy Kisses
1776,The Firebird
1777,The Teeny Tiny Woman: A Folktale
1778,One Saturday Evening
1779,"Gabby, God's Little Angel"
1780,The Astonishing Secret of Awesome Man
1781,The Roly Poly Spider
1782,The Wild Christmas Reindeer
1783,"Mama, Do You Love Me?"
1784,Beautiful Oops!
1785,If You Give a Cat a Cupcake
1786,Sophie And The Sea Monster
1787,If You Were a Panda Bear
1788,A Hole is to Dig
1789,Dog Breath! The Horrible Trouble with Hally Tosis: The Horrible Trouble With Hally Tosis
1790,Pinky and Rex and the Perfect Pumpkin
1791,Gabby's Stick-to-It Day: A Story About Never Giving Up
1792,Sharing a Shell
1793,Richard Scarry's Great Steamboat Mystery
1794,Dinosaur vs. the Library
1795,A Cookie for Santa
1796,George and Martha Rise and Shine
1797,How the Loon Lost her Voice
1798,"Panda Bear, Panda Bear, What Do You See?"
1799,I Was So Mad
1800,Pinky and Rex and the Mean Old Witch
1801,Brer Rabbit and Boss Lion
1802,The Jewel Heart
1803,Where Does It Go?
1804,Dinosaurs and All That Rubbish
1805,Sea of Dreams
1806,Palazzo Inverso
1807,Baby Beluga
1808,My Pony
1809,The Boy Who Was Raised by Librarians
1810,The Very Friendly Firefly
1811,The Artist Who Painted a Blue Horse
1812,Ladybug Baby Bug
1813,The Wide-Awake Princess
1814,How The Leopard Got His Spots
1815,"In the Tall, Tall Grass"
1816,Thunder Bunny
1817,Peek-A-Choo-Choo!
1818,Rhinos for Lunch and Elephants for Supper!
1819,Hilary Knight's Cinderella
1820,The Leaf Men and the Brave Good Bugs
1821,Big Red Barn
1822,On Market Street
1823,Selma
1824,Lady Liberty's Holiday
1825,Where's the Dragon?
1826,The Story of Ruby Bridges
1827,Cindy Lou
1828,Let's Go Home: The Wonderful Things About a House
1829,How the Rhinoceros Got His Skin
1830,The Cow Loves Cookies
1831,Snuggle Up Sleepy Ones
1832,Diary of a Worm
1833,Little Gold Star: A Spanish American Cinderella Tale
1834,Song of the Swallows
1835,Disney's Fluppy Dogs: Home for a Fanci Flup
1836,Bill Peet: An Autobiography
1837,Sense Pass King: A Story from Cameroon
1838,Skippyjon Jones Lost in Spice
1839,How to Share with a Bear
1840,Spot a Dog
1841,The Jolly Pocket Postman
1842,Nutshell Library
1843,May the Best Dog Win
1844,In November
1845,Little Mouse's Big Book of Fears
1846,Cendrillon: A Caribbean Cinderella
1847,Pelle's New Suit
1848,Wheedle on the Needle
1849,Dogzilla
1850,B.Bear and Lolly: Off to School
1851,Skippyjon Jones Cirque de Ole
1852,Home for a Bunny
1853,Elusive Moose
1854,Nadia's Hands
1855,The Apple Pie That Papa Baked
1856,The Night Flight
1857,Hooway for Wodney Wat
1858,The Rabbit Problem
1859,Handa's Surprise: Read and Share
1860,The Great Pet Sale
1861,How to Live Forever
1862,Santa Calls
1863,Trapper
1864,Kat Kong
1865,Purple Little Bird
1866,Bits & Pieces
1867,"Families, Families, Families!"
1868,Stripes
1869,"Move Over, Rover!"
1870,The Donkey's Dream
1871,Meerkat Mail
1872,Is It Bedtime Wibbly Pig?
1873,The Imaginary Garden
1874,The Golden Sandal: A Middle Eastern Cinderella Story
1875,May I Bring a Friend?
1876,Sassafras
1877,Blue Chameleon
1878,The Legend of Ninja Cowboy Bear
1879,We Are Bears
1880,"Good Dream, Bad Dream: The World's Heroes Save the Night!"
1881,Goldilocks and the Three Bears
1882,Because Your Daddy Loves You
1883,Roof Octopus
1884,Happy Birthday to You!
1885,Kaplan Trade MR Putter/Tabby Paint Porch
1886,The Worst Princess
1887,Wibbly Pig Likes Bananas
1888,Hogwash
1889,The Story of Easter
1890,Rhubarb
1891,"Oh, How Sylvester Can Pester!: And Other Poems More or Less About Manners"
1892,The Grouchy Ladybug
1893,Peef the Christmas Bear
1894,The Little Red Hen
1895,"Animals of the Ocean, in Particular the Giant Squid"
1896,Two Too Many
1897,That Is Not a Good Idea!
1898,Clocks and More Clocks
1899,Rain!
1900,Muffin Dragon
1901,Some Bugs
1902,Pegasus
1903,Scaredy Squirrel at the Beach
1904,A New Year's Reunion
1905,"Papa, Please Get the Moon for Me"
1906,I Stink!
1907,Miss Flora McFlimsey's Valentine
1908,Anno's Journey
1909,Persephone
1910,Maynard's Mermaid
1911,The Little Fox Who Lost His Tail
1912,The Lady and the Lion: A Brothers Grimm Tale
1913,A Book of Sleep
1914,A Blue Butterfly
1915,Granpa
1916,The Halloween Tree
1917,Dogs
1918,Mr. Putter & Tabby Books
1919,The Enemy: A Book About Peace
1920,The Annotated Brothers Grimm
1921,Maui-maui
1922,Piggy Pie Po
1923,My Cousin Momo
1924,Widget
1925,There's No Place Like Space: All About Our Solar System
1926,Orange Pear Apple Bear
1927,Growing Vegetable Soup
1928,You Choose
1929,The Weaving of a Dream
1930,Little Mouse on the Prairie
1931,Gila Monsters Meet You at the Airport
1932,Small Elephant's Bathtime
1933,Verdi
1934,Miss Lina's Ballerinas
1935,McBroom's Zoo
1936,Traction Man Is Here!
1937,Maisy Goes to Bed: A Maisy Classic Pop-Up Book
1938,When the Wind Stops
1939,Leo the Lop Tail Two
1940,Rapunzel: Based on the Original Story by the Brothers Grimm
1941,Ling & Ting: Twice as Silly
1942,How Do Dinosaurs Love Their Cats?
1943,Winnie the Pooh's A to Zzzz
1944,Tales from the Ballet
1945,Andrew Henry's Meadow
1946,A Day with Wilbur Robinson
1947,A Tiny Family
1948,Hush! A Thai Lullaby
1949,How Rocket Learned to Read
1950,I Dreamed I Was a Ballerina
1951,The Yellow Star: The Legend of King Christian X of Denmark
1952,The Grumpling
1953,Pinkalicious
1954,Beauty and the Beast
1955,Blue Sky
1956,You Are a Star!
1957,How Do Dinosaurs Go to School?
1958,Vanilla Ice Cream
1959,Mirette on the High Wire
1960,Tight Times
1961,The Magic Leaf
1962,Ella Sarah Gets Dressed
1963,George Shrinks
1964,The Remarkable Farkle McBride
1965,The Tenth Good Thing About Barney
1966,The Gnome From Nome
1967,Bedtime for Frances
1968,Pumpkin Baby
1969,How Do Dinosaurs Say I Love You?
1970,Nobody Likes a Goblin
1971,Happy
1972,The Last Quest of Gilgamesh
1973,The Wolf's Chicken Stew
1974,Rabbit and Skunk and the Scary Rock
1975,The Little Airplane
1976,Tomas and the Library Lady
1977,The Umbrella Queen
1978,Epossumondas Plays Possum
1979,I Like to Be Little
1980,The Dream Tree
1981,"The Jolly Postman, or Other People's Letters"
1982,Where Have the Unicorns Gone?
1983,How Do Dinosaurs Love Their Dogs?
1984,Our Island
1985,The Revenge of Ishtar
1986,The Were-Nana: Not a Bedtime Story.
1987,The Duchess Bakes a Cake
1988,Below
1989,Rabbit And Skunk And The Big Fight
1990,Molly and the Night Monster
1991,Dim Sum for Everyone!
1992,Secret of the Green Engine
1993,The Things I Can Do
1994,Exclamation Mark
1995,Fanny
1996,Cupid and Psyche
1997,The Paper Dolls
1998,Gilgamesh the King
1999,The Maine Coon's Haiku: And Other Poems for Cat Lovers
2000,School Bus
2001,All the World
2002,Morris Goes to School
2003,Little Boat
2004,Backyard Detective: Critters Up Close
2005,Ah Ha!
2006,Hide and Seek Fog
2007,Dragolin
2008,First Day
2009,Purplicious
2010,The Irish Cinderlad
2011,You Can Do It Too!
2012,Stopping by Woods on a Snowy Evening
2013,Truck
2014,The Little Fish That Got Away
2015,"Glad Monster, Sad Monster"
2016,Forest Explorer: A Life-sized Field Guide
2017,Franklin's Halloween
2018,Only the Cat Saw
2019,Crickle-Crack
2020,It Could Always Be Worse: A Yiddish Folk Tale
2021,My Teacher Is a Monster!
2022,So Many Bunnies: A Bedtime ABC and Counting Book
2023,The Hidden World of Fairies
2024,Max's Christmas
2025,The Night Before Christmas
2026,Sootface
2027,Ladybug Girl and the Rescue Dogs
2028,The Zoom Trilogy
2029,The Rose in My Garden
2030,Hooray for Amanda & Her Alligator!
2031,Marguerite Makes a Book
2032,Bangalee
2033,Dog Food
2034,Lady Cottington's Pressed Fairy Book
2035,Oh Say Can You Say?
2036,Thumper's Fluffy Tail
2037,A Carnival of Cats
2038,The Wait-for-me Kitten
2039,Snuggle Puppy!
2040,Adventures of the Treasure Fleet: China Discovers the World
2041,About Birds: A Guide for Children
2042,Buttermilk
2043,The Cat and the Fiddle: A Treasury of Nursery Rhymes
2044,Cinderella
2045,Mary Wears What She Wants
2046,Cautionary Tales for Children
2047,Red Sled
2048,I Want to Be an Astronaut
2049,Helga's Dowry: A Troll Love Story
2050,Most Magnificent Mosque
2051,Epossumondas
2052,Morgan Morning
2053,My Blue Is Happy
2054,The Twelve Dogs of Christmas
2055,Cinderella
2056,"Mommy Laid An Egg: Or, Where Do Babies Come From?"
2057,"Polar Bear, Polar Bear, What Do You Hear?"
2058,The Watcher: Jane Goodall's Life with the Chimps
2059,So-So Cat
2060,Rattletrap Car
2061,Harvey's Hideout
2062,Trains
2063,Pumpkin Jack
2064,Little Fur Family
2065,Leo the Lop
2066,A Crow of His Own
2067,A Castle Full of Cats
2068,Looking for Crabs
2069,The Little Red Cat Who Ran Away and Learned His ABC's
2070,My Visit to the Aquarium
2071,Toot Toot Zoom!
2072,When Cats Dream
2073,The Three Bears
2074,"Blue Hat, Green Hat"
2075,About Arachnids: A Guide for Children
2076,Mooncakes
2077,Nitter Pitter
2078,The Garden of Abdul Gasazi
2079,Baby Bear's Chairs
2080,Way Out West Lives a Coyote Named Frank
2081,Tiger Ways
2082,Maisy Goes to the Library
2083,Katie Loves the Kittens
2084,The Birthday Moon
2085,The Bake Shop Ghost
2086,Ten Birds
2087,Morgan Mine
2088,Little Rabbit's Loose Tooth
2089,The Winter Solstice
2090,Toddle Waddle
2091,Alphabet Soup: A Feast of Letters
2092,Mix It Up!
2093,Scrawny Cat
2094,The Biggest Bed in the World
2095,The Hungry Coat: A Tale from Turkey
2096,Raz-Ma-Taz
2097,Actual Size
2098,Caleb and Kate
2099,Once Upon a Cloud
2100,One Mole Digging A Hole
2101,Favorite Nursery Rhymes from Mother Goose
2102,Jamaica and Brianna
2103,Flora and the Flamingo
2104,Horatio
2105,Listen to My Trumpet!
2106,Misty Morgan
2107,The Big Big Sea
2108,A Rainbow of My Own
2109,Kippy Koala
2110,Quentin Blake's Ten Frogs: A First Book About Numbers
2111,Rhymes & Reasons
2112,Ladybug Girl and Bingo
2113,Norman the Doorman
2114,Waiting for Wings
2115,Summer
2116,Popcorn
2117,Mole Music
2118,Flutterby Fly
2119,Dr Xargle's Book of Earth Mobiles
2120,An Adventures of Winnie Wolf
2121,Grug and his First Christmas
2122,Sleeping Beauty
2123,The Day of the Dead / El dia de los muertos
2124,The Sun Egg
2125,Henry and Mudge and the Great Grandpas
2126,Saxon Math K Home Study Teachers Manual First Edition
2127,Nothing Ever Happens On My Block
2128,Flutterby
2129,The Wall: Growing Up Behind the Iron Curtain
2130,The Dinosaurs of Waterhouse Hawkins
2131,Sarah's Unicorn
2132,Ping-Ping Panda
2133,Grug and the Rainbow
2134,Whuppity Stoorie
2135,Maisy Goes to Preschool
2136,Fungus the Bogeyman
2137,If I Built a Car
2138,Snow
2139,Teach Your Child to Read in 100 Easy Lessons
2140,People
2141,Dick and Jane and Vampires
2142,Olivia Saves the Circus
2143,Big Sarah's Little Boots
2144,Amelia Bedelia and the Baby
2145,Twelve Dancing Unicorns
2146,Grug Builds A Car
2147,"Penguins, Penguins, Everywhere!"
2148,There Are Cats in This Book
2149,Willoughby  the Lion
2150,The Little Witch Wanda
2151,Ten Old Pails
2152,Lizards
2153,Peter Spier's Rain
2154,Whisper the Winged Unicorn
2155,Mama Cat Has Three Kittens
2156,Dog
2157,Madeline's Christmas
2158,The Five-Dog Night
2159,Skippyjon Jones Snow What
2160,The Terrible Suitcase
2161,The Blah
2162,Love Is a Special Way of Feeling
2163,Wow! City!
2164,Butterflies And Moths
2165,The Noisy Paint Box
2166,The Cow Who Clucked
2167,Hunter and His Dog
2168,I Like Myself!
2169,The Alaska Mother Goose: And Other North Country Nursery Rhymes
2170,The Runaway Hug
2171,"Dan, the Taxi Man"
2172,A  Puppy  Named  Gih
2173,A Friend Is Someone Who Likes You
2174,What Grandmas Do Best / What Grandpas Do Best
2175,Anno's Italy
2176,Lunch
2177,Dear Children of the Earth
2178,The Terrible Underpants
2179,Lola at the Library
2180,The Secret River
2181,"Sneakers, the Seaside Cat"
2182,"Don't You Feel Well, Sam?"
2183,Space Case
2184,Bunny Trouble
2185,Grug
2186,If You Were a Penguin
2187,Fables
2188,The Three Orphan Kittens
2189,Farmer Will
2190,The Seeing Stick
2191,Richard Scarry's Early Words
2192,Camp Rex
2193,Hippos Go Berserk!
2194,Kangaroo Stew
2195,Wemberly Worried
2196,Small Pig
2197,The Umbrella Day
2198,"The Turn-Around, Upside-Down Alphabet Book"
2199,Do You Know Which Ones Will Grow?
2200,I Love You As Much...
2201,The Stray Dog
2202,In the Forest
2203,Puddle Duck
2204,"Stick-in-the-Mud: A tale of a village, a custom, and a little boy"
2205,The Valentine Cat
2206,Liang and the Magic Paintbrush
2207,"Town Mouse, Country Mouse"
2208,"Fly High, Fly Low"
2209,The Joke Book
2210,Tavi Tiger
2211,Mr. Bell's Fixit Shop
2212,A Woggle of Witches
2213,Barney Beagle
2214,Lonely Lula Cat
2215,Agent A To Agent Z
2216,Big Like Me
2217,Little Elephant
2218,On Meadowview Street
2219,Pixie Hollow Pop-Up
2220,The Shoes Fit for a King
2221,Horse With the Easter Bonnet
2222,Spiders
2223,The Three Snow Bears
2224,Lazy Fox and Red Hen
2225,Sea Rex
2226,Don't Forget the Bacon!
2227,St. Patrick's Day in the Morning
2228,May I Please Have a Cookie?
2229,And to Think That I Saw It on Mulberry Street
2230,Bumpety Bump!
2231,"Kitten Red, Yellow, Blue"
2232,Whose Mouse Are You?
2233,The Moon Was the Best
2234,Salt Hands
2235,Who's That Knocking on Christmas Eve?
2236,Johnny Appleseed: An American Legend
2237,A Fairy Friend
2238,The Terrible Plop
2239,Do Not Open
2240,Voices Are Not for Yelling
2241,The Little Witch
2242,I Had Trouble In Getting To Solla Sollew
2243,Ten Red Apples
2244,"Lizzie, the Lost Toys Witch"
2245,My Freight Train
2246,Planting the Trees of Kenya: The Story of Wangari Maathai
2247,The Umbrella
2248,The Little Drummer Boy
2249,Queen Victoria's Underpants
2250,The Duckling Gets a Cookie!?
2251,The Meanest Squirrel I Ever Met
2252,Miss Flora McFlimsey's Birthday
2253,My Fire Engine
2254,"Hats, Hats, Hats"
2255,Hedgie's Surprise
2256,Sleep Like a Tiger
2257,Dream Snow
2258,Bugs Bunny's Carrot Machine
2259,The Little Refugee
2260,Five Little Foxes And The Snow
2261,"The Giant Golden Book of Elves and Fairies with Assorted Pixies, Mermaids, Brownies, Witches, and Leprechauns"
2262,"The Hello, Goodbye Window"
2263,Once I Had a Monster
2264,Frog and Fly
2265,Russell and the Lost Treasure
2266,Berlioz the Bear
2267,The Three Questions
2268,10 Minutes till Bedtime
2269,The Country Mouse and the City Mouse; The Fox and the Crow; The Dog and His Bone
2270,"King Who Rained, The"
2271,Cowardly Clyde
2272,The Ice-Cream Cone Coot and Other Rare Birds
2273,The Three Little Gators
2274,"Bread, Bread, Bread"
2275,Comet's Nine Lives
2276,How Spider Saved Halloween
2277,Pajama Time!
2278,Max
2279,Teddy Bears Cure a Cold
2280,Dorrie and the Blue Witch
2281,Help!: A Story of Friendship
2282,Hands Can
2283,Armadillo Rodeo
2284,Frosty the Snow Man
2285,Belly Button Book
2286,Mr. Nonsense
2287,Mr. Nosey
2288,"Busy, Busy Town"
2289,Hands Are Not for Hitting (Best Behavior
2290,Wherever You Are My Love Will Find You
2291,The Squeaky Door
2292,Boy Who Would Not Go to School
2293,Fireboat: The Heroic Adventures of the John J. Harvey
2294,Rudolph the Red-Nosed Reindeer
2295,Charlie Needs a Cloak
2296,Dorrie and the Witch Doctor
2297,Hiccup
2298,Pouch!
2299,"Wobble, the Witch Cat"
2300,Consider Love
2301,A Wizard from the Start: The Incredible Boyhood and Amazing Inventions of Thomas Edison
2302,Smurf Cake
2303,Horns to Toes and in Between
2304,I Like You
2305,Sleeping Beauty
2306,One Cool Friend
2307,The Bird King: An Artist's Notebook
2308,Hide-And-Seek in the Yellow House
2309,Crow Boy
2310,This Is Weird
2311,Opposites
2312,My Goodnight Book
2313,The Weight of a Mass: A Tale of Faith
2314,The Busy Little Squirrel
2315,Cinderella
2316,Your Personal Penguin
2317,One
2318,Box with Red Wheels
2319,The Just-Right Family
2320,"One, Two, Three!"
2321,Zoomer Builds a Racing Car
2322,Hazel's Amazing Mother
2323,The Wuggie Norple Story
2324,This Is Our House
2325,A Tale of Tails
2326,Zen Ghosts
2327,The Shyest Kid in the Patch
2328,"Happy Hippo, Angry Duck"
2329,The Great Fuzz Frenzy
2330,To Be a Princess: The Fascinating Lives of Real Princesses
2331,A Terrible Thing Happened
2332,The Little Train
2333,The Witch Down the Street
2334,"Thump, Quack, Moo: A Whacky Adventure"
2335,Bunny Cakes
2336,The Lost Words
2337,The Story of A Fierce Bad Rabbit
2338,Nightsong
2339,The Little Fire Engine
2340,"Hi, Koo!"
2341,The Trouble with Timothy
2342,The Three Billy Goats Gruff
2343,The Tale of Three Trees
2344,Apple Farmer Annie
2345,Where's My Teddy?
2346,Yikes!
2347,I Face the Wind
2348,Policeman Small
2349,Ben's New Buddy
2350,Wombat Stew
2351,Mr. Willowby's Christmas Tree
2352,My Farm
2353,Feathers for Lunch
2354,Mrs. Merryweather's Letter
2355,The Christmas Miracle of Jonathan Toomey
2356,Are We There Yet?: A Journey Around Australia
2357,The Umbrella
2358,"The True Story Of Corky, The Blind Seal"
2359,The Curious Little Kitten
2360,The Friendly Beasts: An Old English Christmas Carol
2361,The Doubtful Guest
2362,Snow
2363,Eloise in Moscow
2364,"A Story, a Story"
2365,We are in a Book!
2366,Rainstorm
2367,Salty Dog
2368,"No, David!"
2369,Mr. Rusty's New House
2370,How Puppies Grow
2371,The Mousehole Cat
2372,Roller Coaster
2373,Martina the Beautiful Cockroach: A Cuban Folktale
2374,Are You Ready to Play Outside?
2375,Gypsy
2376,Jillian Jiggs
2377,"Baby Animals, A Preschool Puppet Book"
2378,The Magic School Bus Gets Baked in a Cake: A Book About Kitchen Chemistry
2379,All in a Day
2380,A Blue So Blue
2381,Franklin In The Dark
2382,The Pony Who Couldn't Say Neigh
2383,Mulga Bill's Bicycle
2384,Where the Forest Meets the Sea
2385,Anno's Britain
2386,Frosty the Snowman
2387,"We Hide, You Seek"
2388,When Jessie Came Across the Sea
2389,The Runaway Pumpkin
2390,The Lion's Haircut
2391,Lois Lenski's Big Book of Mr. Small
2392,13 1/2 Lives of Captain Blue Bear
2393,The Crayon Box That Talked
2394,Show Baby: Bathtime
2395,Rascal The Dragon
2396,"Oh, What a Thanksgiving!"
2397,No Jumping on the Bed
2398,The Bath Book
2399,Open This Little Book
2400,Thing
2401,"Merry Christmas, Strega Nona"
2402,Favorite Pillowtime Tales
2403,Pets and Farm Animals
2404,What Do You Do with an Idea?
2405,My Place
2406,Digging Up Dinosaurs
2407,Castle
2408,The Fake Smurf
2409,Hattie and the Fox
2410,Christmas in the Barn
2411,"John, Paul, George & Ben"
2412,The Wandering Smurf
2413,Mulga Bill's Bicycle
2414,The Tale of Timmy Tiptoes
2415,A Smurf In The Air
2416,The Mare on the Hill
2417,Mother Goose
2418,Old Bear and His Cub
2419,The Rainbow Fairy Book
2420,Possum Magic
2421,One Was Johnny: A Counting Book
2422,Teeny Teeny Tiny Giraffe
2423,Bear in the Air
2424,Mr. Messy
2425,Peter Goes to School
2426,Billy And Blaze: A Boy And His Pony
2427,Narwhal: Unicorn of the Sea 
2428,Bears on Chairs
2429,Red Is Best
2430,Puppies Need Someone To Love
2431,The Tale of the Flopsy Bunnies
2432,Something From Nothing
2433,Sing with Me Christmas Carols
2434,Where's My Cow?
2435,"Beauty, Her Basket"
2436,The Digging-est Dog
2437,When Dinosaurs Came with Everything
2438,Rainy Day: A Smurf Book of Feelings
2439,Dorrie and the Haunted Schoolhouse
2440,The Magic School Bus Blows Its Top: A Book About Volcanoes
2441,The Christmas Coat: Memories of My Sioux Childhood
2442,The Mud Pony
2443,One Spotted Giraffe
2444,The Apple Tree: A Cherokee Story
2445,Little Witch
2446,The Rand McNally Book of Favorite Pillowtime Tales
2447,Rand Mcnally Book of Favorite Pillowtime Tales
2448,Curious George Flies a Kite
