,Popular Pre K Books title
0,The Very Hungry Caterpillar (Board book)
1,Chicka Chicka Boom Boom (Paperback)
2,Green Eggs and Ham (Hardcover)
3,"Brown Bear, Brown Bear, What Do You See? (Board Book)"
4,Where the Wild Things Are (Paperback)
5,If You Give a Mouse a Cookie (Hardcover)
6,We're Going on a Bear Hunt (Paperback)
7,Are You My Mother? (Paperback)
8,Corduroy (Hardcover)
9,Goodnight Moon (Hardcover)
10,The Cat in the Hat (Hardcover)
11,Dr. Seuss's ABC: An Amazing Alphabet Book! (Board Book)
12,Don't Let the Pigeon Drive the Bus! (Hardcover)
13,The Kissing Hand (Hardcover)
14,"Knuffle Bunny: A Cautionary Tale (Knuffle Bunny, #1)"
15,"No, David! (Hardcover)"
16,"Go, Dog. Go! (Hardcover)"
17,Press Here (Hardcover)
18,The Snowy Day (Paperback)
19,"One Fish, Two Fish, Red Fish, Blue Fish (Hardcover)"
20,The Mitten (Hardcover)
21,Pete the Cat and His Four Groovy Buttons (Hardcover)
22,The Little Engine That Could (Hardcover)
23,Love You Forever (Paperback)
24,The Rainbow Fish (Hardcover)
25,Madeline (Paperback)
26,Curious George (Paperback)
27,Kitten's First Full Moon (Hardcover)
28,Why Do Tigers Have Stripes? (Usborne Starting Point Science)
29,The Grouchy Ladybug (Paperback)
30,Things People Do (Hardcover)
31,"Caps for Sale: A Tale of a Peddler, Some Monkeys and Their Monkey Business (Paperback)"
32,If You Give a Moose a Muffin (Hardcover)
33,Hop On Pop (Paperback)
34,"A Greyhound, A Groundhog (Perma-Bound)"
35,They All Saw a Cat (Hardcover)
36,The Monster at the End of this Book (Hardcover)
37,"Frog and Toad Are Friends (Frog and Toad, #1)"
38,I Want My Hat Back (Hardcover)
39,Llama Llama Red Pajama (Hardcover)
40,Blueberries for Sal (Hardcover)
41,Mouse Paint (Board Book)
42,Inch by Inch (Paperback)
43,"Polar Bear, Polar Bear, What Do You Hear? (Hardcover)"
44,Pete the Cat: I Love My White Shoes (Hardcover)
45,The Foot Book: Dr. Seuss's Wacky Book of Opposites (Board Book)
46,The Berenstain Bears' Big Book of Science and Nature (Paperback)
47,How the Grinch Stole Christmas! (Hardcover)
48,Happy (Hardcover)
49,Owl Sees Owl (Hardcover)
50,The Very Hungry Caterpillar (Board book)
51,Chicka Chicka Boom Boom (Paperback)
52,Green Eggs and Ham (Hardcover)
53,"Brown Bear, Brown Bear, What Do You See? (Board Book)"
54,Where the Wild Things Are (Paperback)
55,If You Give a Mouse a Cookie (Hardcover)
56,We're Going on a Bear Hunt (Paperback)
57,Are You My Mother? (Paperback)
58,Corduroy (Hardcover)
59,Goodnight Moon (Hardcover)
60,The Cat in the Hat (Hardcover)
61,Dr. Seuss's ABC: An Amazing Alphabet Book! (Board Book)
62,Don't Let the Pigeon Drive the Bus! (Hardcover)
63,The Kissing Hand (Hardcover)
64,"Knuffle Bunny: A Cautionary Tale (Knuffle Bunny, #1)"
65,"No, David! (Hardcover)"
66,"Go, Dog. Go! (Hardcover)"
67,Press Here (Hardcover)
68,The Snowy Day (Paperback)
69,"One Fish, Two Fish, Red Fish, Blue Fish (Hardcover)"
70,The Mitten (Hardcover)
71,Pete the Cat and His Four Groovy Buttons (Hardcover)
72,The Little Engine That Could (Hardcover)
73,Love You Forever (Paperback)
74,The Rainbow Fish (Hardcover)
75,Madeline (Paperback)
76,Curious George (Paperback)
77,Kitten's First Full Moon (Hardcover)
78,Why Do Tigers Have Stripes? (Usborne Starting Point Science)
79,The Grouchy Ladybug (Paperback)
80,Things People Do (Hardcover)
81,"Caps for Sale: A Tale of a Peddler, Some Monkeys and Their Monkey Business (Paperback)"
82,If You Give a Moose a Muffin (Hardcover)
83,Hop On Pop (Paperback)
84,"A Greyhound, A Groundhog (Perma-Bound)"
85,They All Saw a Cat (Hardcover)
86,The Monster at the End of this Book (Hardcover)
87,"Frog and Toad Are Friends (Frog and Toad, #1)"
88,I Want My Hat Back (Hardcover)
89,Llama Llama Red Pajama (Hardcover)
90,Blueberries for Sal (Hardcover)
91,Mouse Paint (Board Book)
92,Inch by Inch (Paperback)
93,"Polar Bear, Polar Bear, What Do You Hear? (Hardcover)"
94,Pete the Cat: I Love My White Shoes (Hardcover)
95,The Foot Book: Dr. Seuss's Wacky Book of Opposites (Board Book)
96,The Berenstain Bears' Big Book of Science and Nature (Paperback)
97,How the Grinch Stole Christmas! (Hardcover)
98,Happy (Hardcover)
99,Owl Sees Owl (Hardcover)
100,The Very Hungry Caterpillar (Board book)
101,Chicka Chicka Boom Boom (Paperback)
102,Green Eggs and Ham (Hardcover)
103,"Brown Bear, Brown Bear, What Do You See? (Board Book)"
104,Where the Wild Things Are (Paperback)
105,If You Give a Mouse a Cookie (Hardcover)
106,We're Going on a Bear Hunt (Paperback)
107,Are You My Mother? (Paperback)
108,Corduroy (Hardcover)
109,Goodnight Moon (Hardcover)
110,The Cat in the Hat (Hardcover)
111,Dr. Seuss's ABC: An Amazing Alphabet Book! (Board Book)
112,Don't Let the Pigeon Drive the Bus! (Hardcover)
113,The Kissing Hand (Hardcover)
114,"Knuffle Bunny: A Cautionary Tale (Knuffle Bunny, #1)"
115,"No, David! (Hardcover)"
116,"Go, Dog. Go! (Hardcover)"
117,Press Here (Hardcover)
118,The Snowy Day (Paperback)
119,"One Fish, Two Fish, Red Fish, Blue Fish (Hardcover)"
120,The Mitten (Hardcover)
121,Pete the Cat and His Four Groovy Buttons (Hardcover)
122,The Little Engine That Could (Hardcover)
123,Love You Forever (Paperback)
124,The Rainbow Fish (Hardcover)
125,Madeline (Paperback)
126,Curious George (Paperback)
127,Kitten's First Full Moon (Hardcover)
128,Why Do Tigers Have Stripes? (Usborne Starting Point Science)
129,The Grouchy Ladybug (Paperback)
130,Things People Do (Hardcover)
131,"Caps for Sale: A Tale of a Peddler, Some Monkeys and Their Monkey Business (Paperback)"
132,If You Give a Moose a Muffin (Hardcover)
133,Hop On Pop (Paperback)
134,"A Greyhound, A Groundhog (Perma-Bound)"
135,They All Saw a Cat (Hardcover)
136,The Monster at the End of this Book (Hardcover)
137,"Frog and Toad Are Friends (Frog and Toad, #1)"
138,I Want My Hat Back (Hardcover)
139,Llama Llama Red Pajama (Hardcover)
140,Blueberries for Sal (Hardcover)
141,Mouse Paint (Board Book)
142,Inch by Inch (Paperback)
143,"Polar Bear, Polar Bear, What Do You Hear? (Hardcover)"
144,Pete the Cat: I Love My White Shoes (Hardcover)
145,The Foot Book: Dr. Seuss's Wacky Book of Opposites (Board Book)
146,The Berenstain Bears' Big Book of Science and Nature (Paperback)
147,How the Grinch Stole Christmas! (Hardcover)
148,Happy (Hardcover)
149,Owl Sees Owl (Hardcover)
150,The Very Hungry Caterpillar (Board book)
151,Chicka Chicka Boom Boom (Paperback)
152,Green Eggs and Ham (Hardcover)
153,"Brown Bear, Brown Bear, What Do You See? (Board Book)"
154,Where the Wild Things Are (Paperback)
155,If You Give a Mouse a Cookie (Hardcover)
156,We're Going on a Bear Hunt (Paperback)
157,Are You My Mother? (Paperback)
158,Corduroy (Hardcover)
159,Goodnight Moon (Hardcover)
160,The Cat in the Hat (Hardcover)
161,Dr. Seuss's ABC: An Amazing Alphabet Book! (Board Book)
162,Don't Let the Pigeon Drive the Bus! (Hardcover)
163,The Kissing Hand (Hardcover)
164,"Knuffle Bunny: A Cautionary Tale (Knuffle Bunny, #1)"
165,"No, David! (Hardcover)"
166,"Go, Dog. Go! (Hardcover)"
167,Press Here (Hardcover)
168,The Snowy Day (Paperback)
169,"One Fish, Two Fish, Red Fish, Blue Fish (Hardcover)"
170,The Mitten (Hardcover)
171,Pete the Cat and His Four Groovy Buttons (Hardcover)
172,The Little Engine That Could (Hardcover)
173,Love You Forever (Paperback)
174,The Rainbow Fish (Hardcover)
175,Madeline (Paperback)
176,Curious George (Paperback)
177,Kitten's First Full Moon (Hardcover)
178,Why Do Tigers Have Stripes? (Usborne Starting Point Science)
179,The Grouchy Ladybug (Paperback)
180,Things People Do (Hardcover)
181,"Caps for Sale: A Tale of a Peddler, Some Monkeys and Their Monkey Business (Paperback)"
182,If You Give a Moose a Muffin (Hardcover)
183,Hop On Pop (Paperback)
184,"A Greyhound, A Groundhog (Perma-Bound)"
185,They All Saw a Cat (Hardcover)
186,The Monster at the End of this Book (Hardcover)
187,"Frog and Toad Are Friends (Frog and Toad, #1)"
188,I Want My Hat Back (Hardcover)
189,Llama Llama Red Pajama (Hardcover)
190,Blueberries for Sal (Hardcover)
191,Mouse Paint (Board Book)
192,Inch by Inch (Paperback)
193,"Polar Bear, Polar Bear, What Do You Hear? (Hardcover)"
194,Pete the Cat: I Love My White Shoes (Hardcover)
195,The Foot Book: Dr. Seuss's Wacky Book of Opposites (Board Book)
196,The Berenstain Bears' Big Book of Science and Nature (Paperback)
197,How the Grinch Stole Christmas! (Hardcover)
198,Happy (Hardcover)
199,Owl Sees Owl (Hardcover)
200,The Very Hungry Caterpillar (Board book)
201,Chicka Chicka Boom Boom (Paperback)
202,Green Eggs and Ham (Hardcover)
203,"Brown Bear, Brown Bear, What Do You See? (Board Book)"
204,Where the Wild Things Are (Paperback)
205,If You Give a Mouse a Cookie (Hardcover)
206,We're Going on a Bear Hunt (Paperback)
207,Are You My Mother? (Paperback)
208,Corduroy (Hardcover)
209,Goodnight Moon (Hardcover)
210,The Cat in the Hat (Hardcover)
211,Dr. Seuss's ABC: An Amazing Alphabet Book! (Board Book)
212,Don't Let the Pigeon Drive the Bus! (Hardcover)
213,The Kissing Hand (Hardcover)
214,"Knuffle Bunny: A Cautionary Tale (Knuffle Bunny, #1)"
215,"No, David! (Hardcover)"
216,"Go, Dog. Go! (Hardcover)"
217,Press Here (Hardcover)
218,The Snowy Day (Paperback)
219,"One Fish, Two Fish, Red Fish, Blue Fish (Hardcover)"
220,The Mitten (Hardcover)
221,Pete the Cat and His Four Groovy Buttons (Hardcover)
222,The Little Engine That Could (Hardcover)
223,Love You Forever (Paperback)
224,The Rainbow Fish (Hardcover)
225,Madeline (Paperback)
226,Curious George (Paperback)
227,Kitten's First Full Moon (Hardcover)
228,Why Do Tigers Have Stripes? (Usborne Starting Point Science)
229,The Grouchy Ladybug (Paperback)
230,Things People Do (Hardcover)
231,"Caps for Sale: A Tale of a Peddler, Some Monkeys and Their Monkey Business (Paperback)"
232,If You Give a Moose a Muffin (Hardcover)
233,Hop On Pop (Paperback)
234,"A Greyhound, A Groundhog (Perma-Bound)"
235,They All Saw a Cat (Hardcover)
236,The Monster at the End of this Book (Hardcover)
237,"Frog and Toad Are Friends (Frog and Toad, #1)"
238,I Want My Hat Back (Hardcover)
239,Llama Llama Red Pajama (Hardcover)
240,Blueberries for Sal (Hardcover)
241,Mouse Paint (Board Book)
242,Inch by Inch (Paperback)
243,"Polar Bear, Polar Bear, What Do You Hear? (Hardcover)"
244,Pete the Cat: I Love My White Shoes (Hardcover)
245,The Foot Book: Dr. Seuss's Wacky Book of Opposites (Board Book)
246,The Berenstain Bears' Big Book of Science and Nature (Paperback)
247,How the Grinch Stole Christmas! (Hardcover)
248,Happy (Hardcover)
249,Owl Sees Owl (Hardcover)
250,The Very Hungry Caterpillar (Board book)
251,Chicka Chicka Boom Boom (Paperback)
252,Green Eggs and Ham (Hardcover)
253,"Brown Bear, Brown Bear, What Do You See? (Board Book)"
254,Where the Wild Things Are (Paperback)
255,If You Give a Mouse a Cookie (Hardcover)
256,We're Going on a Bear Hunt (Paperback)
257,Are You My Mother? (Paperback)
258,Corduroy (Hardcover)
259,Goodnight Moon (Hardcover)
260,The Cat in the Hat (Hardcover)
261,Dr. Seuss's ABC: An Amazing Alphabet Book! (Board Book)
262,Don't Let the Pigeon Drive the Bus! (Hardcover)
263,The Kissing Hand (Hardcover)
264,"Knuffle Bunny: A Cautionary Tale (Knuffle Bunny, #1)"
265,"No, David! (Hardcover)"
266,"Go, Dog. Go! (Hardcover)"
267,Press Here (Hardcover)
268,The Snowy Day (Paperback)
269,"One Fish, Two Fish, Red Fish, Blue Fish (Hardcover)"
270,The Mitten (Hardcover)
271,Pete the Cat and His Four Groovy Buttons (Hardcover)
272,The Little Engine That Could (Hardcover)
273,Love You Forever (Paperback)
274,The Rainbow Fish (Hardcover)
275,Madeline (Paperback)
276,Curious George (Paperback)
277,Kitten's First Full Moon (Hardcover)
278,Why Do Tigers Have Stripes? (Usborne Starting Point Science)
279,The Grouchy Ladybug (Paperback)
280,Things People Do (Hardcover)
281,"Caps for Sale: A Tale of a Peddler, Some Monkeys and Their Monkey Business (Paperback)"
282,If You Give a Moose a Muffin (Hardcover)
283,Hop On Pop (Paperback)
284,"A Greyhound, A Groundhog (Perma-Bound)"
285,They All Saw a Cat (Hardcover)
286,The Monster at the End of this Book (Hardcover)
287,"Frog and Toad Are Friends (Frog and Toad, #1)"
288,I Want My Hat Back (Hardcover)
289,Llama Llama Red Pajama (Hardcover)
290,Blueberries for Sal (Hardcover)
291,Mouse Paint (Board Book)
292,Inch by Inch (Paperback)
293,"Polar Bear, Polar Bear, What Do You Hear? (Hardcover)"
294,Pete the Cat: I Love My White Shoes (Hardcover)
295,The Foot Book: Dr. Seuss's Wacky Book of Opposites (Board Book)
296,The Berenstain Bears' Big Book of Science and Nature (Paperback)
297,How the Grinch Stole Christmas! (Hardcover)
298,Happy (Hardcover)
299,Owl Sees Owl (Hardcover)
300,The Very Hungry Caterpillar (Board book)
301,Chicka Chicka Boom Boom (Paperback)
302,Green Eggs and Ham (Hardcover)
303,"Brown Bear, Brown Bear, What Do You See? (Board Book)"
304,Where the Wild Things Are (Paperback)
305,If You Give a Mouse a Cookie (Hardcover)
306,We're Going on a Bear Hunt (Paperback)
307,Are You My Mother? (Paperback)
308,Corduroy (Hardcover)
309,Goodnight Moon (Hardcover)
310,The Cat in the Hat (Hardcover)
311,Dr. Seuss's ABC: An Amazing Alphabet Book! (Board Book)
312,Don't Let the Pigeon Drive the Bus! (Hardcover)
313,The Kissing Hand (Hardcover)
314,"Knuffle Bunny: A Cautionary Tale (Knuffle Bunny, #1)"
315,"No, David! (Hardcover)"
316,"Go, Dog. Go! (Hardcover)"
317,Press Here (Hardcover)
318,The Snowy Day (Paperback)
319,"One Fish, Two Fish, Red Fish, Blue Fish (Hardcover)"
320,The Mitten (Hardcover)
321,Pete the Cat and His Four Groovy Buttons (Hardcover)
322,The Little Engine That Could (Hardcover)
323,Love You Forever (Paperback)
324,The Rainbow Fish (Hardcover)
325,Madeline (Paperback)
326,Curious George (Paperback)
327,Kitten's First Full Moon (Hardcover)
328,Why Do Tigers Have Stripes? (Usborne Starting Point Science)
329,The Grouchy Ladybug (Paperback)
330,Things People Do (Hardcover)
331,"Caps for Sale: A Tale of a Peddler, Some Monkeys and Their Monkey Business (Paperback)"
332,If You Give a Moose a Muffin (Hardcover)
333,Hop On Pop (Paperback)
334,"A Greyhound, A Groundhog (Perma-Bound)"
335,They All Saw a Cat (Hardcover)
336,The Monster at the End of this Book (Hardcover)
337,"Frog and Toad Are Friends (Frog and Toad, #1)"
338,I Want My Hat Back (Hardcover)
339,Llama Llama Red Pajama (Hardcover)
340,Blueberries for Sal (Hardcover)
341,Mouse Paint (Board Book)
342,Inch by Inch (Paperback)
343,"Polar Bear, Polar Bear, What Do You Hear? (Hardcover)"
344,Pete the Cat: I Love My White Shoes (Hardcover)
345,The Foot Book: Dr. Seuss's Wacky Book of Opposites (Board Book)
346,The Berenstain Bears' Big Book of Science and Nature (Paperback)
347,How the Grinch Stole Christmas! (Hardcover)
348,Happy (Hardcover)
349,Owl Sees Owl (Hardcover)
350,The Very Hungry Caterpillar (Board book)
351,Chicka Chicka Boom Boom (Paperback)
352,Green Eggs and Ham (Hardcover)
353,"Brown Bear, Brown Bear, What Do You See? (Board Book)"
354,Where the Wild Things Are (Paperback)
355,If You Give a Mouse a Cookie (Hardcover)
356,We're Going on a Bear Hunt (Paperback)
357,Are You My Mother? (Paperback)
358,Corduroy (Hardcover)
359,Goodnight Moon (Hardcover)
360,The Cat in the Hat (Hardcover)
361,Dr. Seuss's ABC: An Amazing Alphabet Book! (Board Book)
362,Don't Let the Pigeon Drive the Bus! (Hardcover)
363,The Kissing Hand (Hardcover)
364,"Knuffle Bunny: A Cautionary Tale (Knuffle Bunny, #1)"
365,"No, David! (Hardcover)"
366,"Go, Dog. Go! (Hardcover)"
367,Press Here (Hardcover)
368,The Snowy Day (Paperback)
369,"One Fish, Two Fish, Red Fish, Blue Fish (Hardcover)"
370,The Mitten (Hardcover)
371,Pete the Cat and His Four Groovy Buttons (Hardcover)
372,The Little Engine That Could (Hardcover)
373,Love You Forever (Paperback)
374,The Rainbow Fish (Hardcover)
375,Madeline (Paperback)
376,Curious George (Paperback)
377,Kitten's First Full Moon (Hardcover)
378,Why Do Tigers Have Stripes? (Usborne Starting Point Science)
379,The Grouchy Ladybug (Paperback)
380,Things People Do (Hardcover)
381,"Caps for Sale: A Tale of a Peddler, Some Monkeys and Their Monkey Business (Paperback)"
382,If You Give a Moose a Muffin (Hardcover)
383,Hop On Pop (Paperback)
384,"A Greyhound, A Groundhog (Perma-Bound)"
385,They All Saw a Cat (Hardcover)
386,The Monster at the End of this Book (Hardcover)
387,"Frog and Toad Are Friends (Frog and Toad, #1)"
388,I Want My Hat Back (Hardcover)
389,Llama Llama Red Pajama (Hardcover)
390,Blueberries for Sal (Hardcover)
391,Mouse Paint (Board Book)
392,Inch by Inch (Paperback)
393,"Polar Bear, Polar Bear, What Do You Hear? (Hardcover)"
394,Pete the Cat: I Love My White Shoes (Hardcover)
395,The Foot Book: Dr. Seuss's Wacky Book of Opposites (Board Book)
396,The Berenstain Bears' Big Book of Science and Nature (Paperback)
397,How the Grinch Stole Christmas! (Hardcover)
398,Happy (Hardcover)
399,Owl Sees Owl (Hardcover)
400,The Very Hungry Caterpillar (Board book)
401,Chicka Chicka Boom Boom (Paperback)
402,Green Eggs and Ham (Hardcover)
403,"Brown Bear, Brown Bear, What Do You See? (Board Book)"
404,Where the Wild Things Are (Paperback)
405,If You Give a Mouse a Cookie (Hardcover)
406,We're Going on a Bear Hunt (Paperback)
407,Are You My Mother? (Paperback)
408,Corduroy (Hardcover)
409,Goodnight Moon (Hardcover)
410,The Cat in the Hat (Hardcover)
411,Dr. Seuss's ABC: An Amazing Alphabet Book! (Board Book)
412,Don't Let the Pigeon Drive the Bus! (Hardcover)
413,The Kissing Hand (Hardcover)
414,"Knuffle Bunny: A Cautionary Tale (Knuffle Bunny, #1)"
415,"No, David! (Hardcover)"
416,"Go, Dog. Go! (Hardcover)"
417,Press Here (Hardcover)
418,The Snowy Day (Paperback)
419,"One Fish, Two Fish, Red Fish, Blue Fish (Hardcover)"
420,The Mitten (Hardcover)
421,Pete the Cat and His Four Groovy Buttons (Hardcover)
422,The Little Engine That Could (Hardcover)
423,Love You Forever (Paperback)
424,The Rainbow Fish (Hardcover)
425,Madeline (Paperback)
426,Curious George (Paperback)
427,Kitten's First Full Moon (Hardcover)
428,Why Do Tigers Have Stripes? (Usborne Starting Point Science)
429,The Grouchy Ladybug (Paperback)
430,Things People Do (Hardcover)
431,"Caps for Sale: A Tale of a Peddler, Some Monkeys and Their Monkey Business (Paperback)"
432,If You Give a Moose a Muffin (Hardcover)
433,Hop On Pop (Paperback)
434,"A Greyhound, A Groundhog (Perma-Bound)"
435,They All Saw a Cat (Hardcover)
436,The Monster at the End of this Book (Hardcover)
437,"Frog and Toad Are Friends (Frog and Toad, #1)"
438,I Want My Hat Back (Hardcover)
439,Llama Llama Red Pajama (Hardcover)
440,Blueberries for Sal (Hardcover)
441,Mouse Paint (Board Book)
442,Inch by Inch (Paperback)
443,"Polar Bear, Polar Bear, What Do You Hear? (Hardcover)"
444,Pete the Cat: I Love My White Shoes (Hardcover)
445,The Foot Book: Dr. Seuss's Wacky Book of Opposites (Board Book)
446,The Berenstain Bears' Big Book of Science and Nature (Paperback)
447,How the Grinch Stole Christmas! (Hardcover)
448,Happy (Hardcover)
449,Owl Sees Owl (Hardcover)
450,The Very Hungry Caterpillar (Board book)
451,Chicka Chicka Boom Boom (Paperback)
452,Green Eggs and Ham (Hardcover)
453,"Brown Bear, Brown Bear, What Do You See? (Board Book)"
454,Where the Wild Things Are (Paperback)
455,If You Give a Mouse a Cookie (Hardcover)
456,We're Going on a Bear Hunt (Paperback)
457,Are You My Mother? (Paperback)
458,Corduroy (Hardcover)
459,Goodnight Moon (Hardcover)
460,The Cat in the Hat (Hardcover)
461,Dr. Seuss's ABC: An Amazing Alphabet Book! (Board Book)
462,Don't Let the Pigeon Drive the Bus! (Hardcover)
463,The Kissing Hand (Hardcover)
464,"Knuffle Bunny: A Cautionary Tale (Knuffle Bunny, #1)"
465,"No, David! (Hardcover)"
466,"Go, Dog. Go! (Hardcover)"
467,Press Here (Hardcover)
468,The Snowy Day (Paperback)
469,"One Fish, Two Fish, Red Fish, Blue Fish (Hardcover)"
470,The Mitten (Hardcover)
471,Pete the Cat and His Four Groovy Buttons (Hardcover)
472,The Little Engine That Could (Hardcover)
473,Love You Forever (Paperback)
474,The Rainbow Fish (Hardcover)
475,Madeline (Paperback)
476,Curious George (Paperback)
477,Kitten's First Full Moon (Hardcover)
478,Why Do Tigers Have Stripes? (Usborne Starting Point Science)
479,The Grouchy Ladybug (Paperback)
480,Things People Do (Hardcover)
481,"Caps for Sale: A Tale of a Peddler, Some Monkeys and Their Monkey Business (Paperback)"
482,If You Give a Moose a Muffin (Hardcover)
483,Hop On Pop (Paperback)
484,"A Greyhound, A Groundhog (Perma-Bound)"
485,They All Saw a Cat (Hardcover)
486,The Monster at the End of this Book (Hardcover)
487,"Frog and Toad Are Friends (Frog and Toad, #1)"
488,I Want My Hat Back (Hardcover)
489,Llama Llama Red Pajama (Hardcover)
490,Blueberries for Sal (Hardcover)
491,Mouse Paint (Board Book)
492,Inch by Inch (Paperback)
493,"Polar Bear, Polar Bear, What Do You Hear? (Hardcover)"
494,Pete the Cat: I Love My White Shoes (Hardcover)
495,The Foot Book: Dr. Seuss's Wacky Book of Opposites (Board Book)
496,The Berenstain Bears' Big Book of Science and Nature (Paperback)
497,How the Grinch Stole Christmas! (Hardcover)
498,Happy (Hardcover)
499,Owl Sees Owl (Hardcover)
500,The Very Hungry Caterpillar (Board book)
501,Chicka Chicka Boom Boom (Paperback)
502,Green Eggs and Ham (Hardcover)
503,"Brown Bear, Brown Bear, What Do You See? (Board Book)"
504,Where the Wild Things Are (Paperback)
505,If You Give a Mouse a Cookie (Hardcover)
506,We're Going on a Bear Hunt (Paperback)
507,Are You My Mother? (Paperback)
508,Corduroy (Hardcover)
509,Goodnight Moon (Hardcover)
510,The Cat in the Hat (Hardcover)
511,Dr. Seuss's ABC: An Amazing Alphabet Book! (Board Book)
512,Don't Let the Pigeon Drive the Bus! (Hardcover)
513,The Kissing Hand (Hardcover)
514,"Knuffle Bunny: A Cautionary Tale (Knuffle Bunny, #1)"
515,"No, David! (Hardcover)"
516,"Go, Dog. Go! (Hardcover)"
517,Press Here (Hardcover)
518,The Snowy Day (Paperback)
519,"One Fish, Two Fish, Red Fish, Blue Fish (Hardcover)"
520,The Mitten (Hardcover)
521,Pete the Cat and His Four Groovy Buttons (Hardcover)
522,The Little Engine That Could (Hardcover)
523,Love You Forever (Paperback)
524,The Rainbow Fish (Hardcover)
525,Madeline (Paperback)
526,Curious George (Paperback)
527,Kitten's First Full Moon (Hardcover)
528,Why Do Tigers Have Stripes? (Usborne Starting Point Science)
529,The Grouchy Ladybug (Paperback)
530,Things People Do (Hardcover)
531,"Caps for Sale: A Tale of a Peddler, Some Monkeys and Their Monkey Business (Paperback)"
532,If You Give a Moose a Muffin (Hardcover)
533,Hop On Pop (Paperback)
534,"A Greyhound, A Groundhog (Perma-Bound)"
535,They All Saw a Cat (Hardcover)
536,The Monster at the End of this Book (Hardcover)
537,"Frog and Toad Are Friends (Frog and Toad, #1)"
538,I Want My Hat Back (Hardcover)
539,Llama Llama Red Pajama (Hardcover)
540,Blueberries for Sal (Hardcover)
541,Mouse Paint (Board Book)
542,Inch by Inch (Paperback)
543,"Polar Bear, Polar Bear, What Do You Hear? (Hardcover)"
544,Pete the Cat: I Love My White Shoes (Hardcover)
545,The Foot Book: Dr. Seuss's Wacky Book of Opposites (Board Book)
546,The Berenstain Bears' Big Book of Science and Nature (Paperback)
547,How the Grinch Stole Christmas! (Hardcover)
548,Happy (Hardcover)
549,Owl Sees Owl (Hardcover)
550,The Very Hungry Caterpillar (Board book)
551,Chicka Chicka Boom Boom (Paperback)
552,Green Eggs and Ham (Hardcover)
553,"Brown Bear, Brown Bear, What Do You See? (Board Book)"
554,Where the Wild Things Are (Paperback)
555,If You Give a Mouse a Cookie (Hardcover)
556,We're Going on a Bear Hunt (Paperback)
557,Are You My Mother? (Paperback)
558,Corduroy (Hardcover)
559,Goodnight Moon (Hardcover)
560,The Cat in the Hat (Hardcover)
561,Dr. Seuss's ABC: An Amazing Alphabet Book! (Board Book)
562,Don't Let the Pigeon Drive the Bus! (Hardcover)
563,The Kissing Hand (Hardcover)
564,"Knuffle Bunny: A Cautionary Tale (Knuffle Bunny, #1)"
565,"No, David! (Hardcover)"
566,"Go, Dog. Go! (Hardcover)"
567,Press Here (Hardcover)
568,The Snowy Day (Paperback)
569,"One Fish, Two Fish, Red Fish, Blue Fish (Hardcover)"
570,The Mitten (Hardcover)
571,Pete the Cat and His Four Groovy Buttons (Hardcover)
572,The Little Engine That Could (Hardcover)
573,Love You Forever (Paperback)
574,The Rainbow Fish (Hardcover)
575,Madeline (Paperback)
576,Curious George (Paperback)
577,Kitten's First Full Moon (Hardcover)
578,Why Do Tigers Have Stripes? (Usborne Starting Point Science)
579,The Grouchy Ladybug (Paperback)
580,Things People Do (Hardcover)
581,"Caps for Sale: A Tale of a Peddler, Some Monkeys and Their Monkey Business (Paperback)"
582,If You Give a Moose a Muffin (Hardcover)
583,Hop On Pop (Paperback)
584,"A Greyhound, A Groundhog (Perma-Bound)"
585,They All Saw a Cat (Hardcover)
586,The Monster at the End of this Book (Hardcover)
587,"Frog and Toad Are Friends (Frog and Toad, #1)"
588,I Want My Hat Back (Hardcover)
589,Llama Llama Red Pajama (Hardcover)
590,Blueberries for Sal (Hardcover)
591,Mouse Paint (Board Book)
592,Inch by Inch (Paperback)
593,"Polar Bear, Polar Bear, What Do You Hear? (Hardcover)"
594,Pete the Cat: I Love My White Shoes (Hardcover)
595,The Foot Book: Dr. Seuss's Wacky Book of Opposites (Board Book)
596,The Berenstain Bears' Big Book of Science and Nature (Paperback)
597,How the Grinch Stole Christmas! (Hardcover)
598,Happy (Hardcover)
599,Owl Sees Owl (Hardcover)
600,The Very Hungry Caterpillar (Board book)
601,Chicka Chicka Boom Boom (Paperback)
602,Green Eggs and Ham (Hardcover)
603,"Brown Bear, Brown Bear, What Do You See? (Board Book)"
604,Where the Wild Things Are (Paperback)
605,If You Give a Mouse a Cookie (Hardcover)
606,We're Going on a Bear Hunt (Paperback)
607,Are You My Mother? (Paperback)
608,Corduroy (Hardcover)
609,Goodnight Moon (Hardcover)
610,The Cat in the Hat (Hardcover)
611,Dr. Seuss's ABC: An Amazing Alphabet Book! (Board Book)
612,Don't Let the Pigeon Drive the Bus! (Hardcover)
613,The Kissing Hand (Hardcover)
614,"Knuffle Bunny: A Cautionary Tale (Knuffle Bunny, #1)"
615,"No, David! (Hardcover)"
616,"Go, Dog. Go! (Hardcover)"
617,Press Here (Hardcover)
618,The Snowy Day (Paperback)
619,"One Fish, Two Fish, Red Fish, Blue Fish (Hardcover)"
620,The Mitten (Hardcover)
621,Pete the Cat and His Four Groovy Buttons (Hardcover)
622,The Little Engine That Could (Hardcover)
623,Love You Forever (Paperback)
624,The Rainbow Fish (Hardcover)
625,Madeline (Paperback)
626,Curious George (Paperback)
627,Kitten's First Full Moon (Hardcover)
628,Why Do Tigers Have Stripes? (Usborne Starting Point Science)
629,The Grouchy Ladybug (Paperback)
630,Things People Do (Hardcover)
631,"Caps for Sale: A Tale of a Peddler, Some Monkeys and Their Monkey Business (Paperback)"
632,If You Give a Moose a Muffin (Hardcover)
633,Hop On Pop (Paperback)
634,"A Greyhound, A Groundhog (Perma-Bound)"
635,They All Saw a Cat (Hardcover)
636,The Monster at the End of this Book (Hardcover)
637,"Frog and Toad Are Friends (Frog and Toad, #1)"
638,I Want My Hat Back (Hardcover)
639,Llama Llama Red Pajama (Hardcover)
640,Blueberries for Sal (Hardcover)
641,Mouse Paint (Board Book)
642,Inch by Inch (Paperback)
643,"Polar Bear, Polar Bear, What Do You Hear? (Hardcover)"
644,Pete the Cat: I Love My White Shoes (Hardcover)
645,The Foot Book: Dr. Seuss's Wacky Book of Opposites (Board Book)
646,The Berenstain Bears' Big Book of Science and Nature (Paperback)
647,How the Grinch Stole Christmas! (Hardcover)
648,Happy (Hardcover)
649,Owl Sees Owl (Hardcover)
650,The Very Hungry Caterpillar (Board book)
651,Chicka Chicka Boom Boom (Paperback)
652,Green Eggs and Ham (Hardcover)
653,"Brown Bear, Brown Bear, What Do You See? (Board Book)"
654,Where the Wild Things Are (Paperback)
655,If You Give a Mouse a Cookie (Hardcover)
656,We're Going on a Bear Hunt (Paperback)
657,Are You My Mother? (Paperback)
658,Corduroy (Hardcover)
659,Goodnight Moon (Hardcover)
660,The Cat in the Hat (Hardcover)
661,Dr. Seuss's ABC: An Amazing Alphabet Book! (Board Book)
662,Don't Let the Pigeon Drive the Bus! (Hardcover)
663,The Kissing Hand (Hardcover)
664,"Knuffle Bunny: A Cautionary Tale (Knuffle Bunny, #1)"
665,"No, David! (Hardcover)"
666,"Go, Dog. Go! (Hardcover)"
667,Press Here (Hardcover)
668,The Snowy Day (Paperback)
669,"One Fish, Two Fish, Red Fish, Blue Fish (Hardcover)"
670,The Mitten (Hardcover)
671,Pete the Cat and His Four Groovy Buttons (Hardcover)
672,The Little Engine That Could (Hardcover)
673,Love You Forever (Paperback)
674,The Rainbow Fish (Hardcover)
675,Madeline (Paperback)
676,Curious George (Paperback)
677,Kitten's First Full Moon (Hardcover)
678,Why Do Tigers Have Stripes? (Usborne Starting Point Science)
679,The Grouchy Ladybug (Paperback)
680,Things People Do (Hardcover)
681,"Caps for Sale: A Tale of a Peddler, Some Monkeys and Their Monkey Business (Paperback)"
682,If You Give a Moose a Muffin (Hardcover)
683,Hop On Pop (Paperback)
684,"A Greyhound, A Groundhog (Perma-Bound)"
685,They All Saw a Cat (Hardcover)
686,The Monster at the End of this Book (Hardcover)
687,"Frog and Toad Are Friends (Frog and Toad, #1)"
688,I Want My Hat Back (Hardcover)
689,Llama Llama Red Pajama (Hardcover)
690,Blueberries for Sal (Hardcover)
691,Mouse Paint (Board Book)
692,Inch by Inch (Paperback)
693,"Polar Bear, Polar Bear, What Do You Hear? (Hardcover)"
694,Pete the Cat: I Love My White Shoes (Hardcover)
695,The Foot Book: Dr. Seuss's Wacky Book of Opposites (Board Book)
696,The Berenstain Bears' Big Book of Science and Nature (Paperback)
697,How the Grinch Stole Christmas! (Hardcover)
698,Happy (Hardcover)
699,Owl Sees Owl (Hardcover)
700,The Very Hungry Caterpillar (Board book)
701,Chicka Chicka Boom Boom (Paperback)
702,Green Eggs and Ham (Hardcover)
703,"Brown Bear, Brown Bear, What Do You See? (Board Book)"
704,Where the Wild Things Are (Paperback)
705,If You Give a Mouse a Cookie (Hardcover)
706,We're Going on a Bear Hunt (Paperback)
707,Are You My Mother? (Paperback)
708,Corduroy (Hardcover)
709,Goodnight Moon (Hardcover)
710,The Cat in the Hat (Hardcover)
711,Dr. Seuss's ABC: An Amazing Alphabet Book! (Board Book)
712,Don't Let the Pigeon Drive the Bus! (Hardcover)
713,The Kissing Hand (Hardcover)
714,"Knuffle Bunny: A Cautionary Tale (Knuffle Bunny, #1)"
715,"No, David! (Hardcover)"
716,"Go, Dog. Go! (Hardcover)"
717,Press Here (Hardcover)
718,The Snowy Day (Paperback)
719,"One Fish, Two Fish, Red Fish, Blue Fish (Hardcover)"
720,The Mitten (Hardcover)
721,Pete the Cat and His Four Groovy Buttons (Hardcover)
722,The Little Engine That Could (Hardcover)
723,Love You Forever (Paperback)
724,The Rainbow Fish (Hardcover)
725,Madeline (Paperback)
726,Curious George (Paperback)
727,Kitten's First Full Moon (Hardcover)
728,Why Do Tigers Have Stripes? (Usborne Starting Point Science)
729,The Grouchy Ladybug (Paperback)
730,Things People Do (Hardcover)
731,"Caps for Sale: A Tale of a Peddler, Some Monkeys and Their Monkey Business (Paperback)"
732,If You Give a Moose a Muffin (Hardcover)
733,Hop On Pop (Paperback)
734,"A Greyhound, A Groundhog (Perma-Bound)"
735,They All Saw a Cat (Hardcover)
736,The Monster at the End of this Book (Hardcover)
737,"Frog and Toad Are Friends (Frog and Toad, #1)"
738,I Want My Hat Back (Hardcover)
739,Llama Llama Red Pajama (Hardcover)
740,Blueberries for Sal (Hardcover)
741,Mouse Paint (Board Book)
742,Inch by Inch (Paperback)
743,"Polar Bear, Polar Bear, What Do You Hear? (Hardcover)"
744,Pete the Cat: I Love My White Shoes (Hardcover)
745,The Foot Book: Dr. Seuss's Wacky Book of Opposites (Board Book)
746,The Berenstain Bears' Big Book of Science and Nature (Paperback)
747,How the Grinch Stole Christmas! (Hardcover)
748,Happy (Hardcover)
749,Owl Sees Owl (Hardcover)
750,The Very Hungry Caterpillar (Board book)
751,Chicka Chicka Boom Boom (Paperback)
752,Green Eggs and Ham (Hardcover)
753,"Brown Bear, Brown Bear, What Do You See? (Board Book)"
754,Where the Wild Things Are (Paperback)
755,If You Give a Mouse a Cookie (Hardcover)
756,We're Going on a Bear Hunt (Paperback)
757,Are You My Mother? (Paperback)
758,Corduroy (Hardcover)
759,Goodnight Moon (Hardcover)
760,The Cat in the Hat (Hardcover)
761,Dr. Seuss's ABC: An Amazing Alphabet Book! (Board Book)
762,Don't Let the Pigeon Drive the Bus! (Hardcover)
763,The Kissing Hand (Hardcover)
764,"Knuffle Bunny: A Cautionary Tale (Knuffle Bunny, #1)"
765,"No, David! (Hardcover)"
766,"Go, Dog. Go! (Hardcover)"
767,Press Here (Hardcover)
768,The Snowy Day (Paperback)
769,"One Fish, Two Fish, Red Fish, Blue Fish (Hardcover)"
770,The Mitten (Hardcover)
771,Pete the Cat and His Four Groovy Buttons (Hardcover)
772,The Little Engine That Could (Hardcover)
773,Love You Forever (Paperback)
774,The Rainbow Fish (Hardcover)
775,Madeline (Paperback)
776,Curious George (Paperback)
777,Kitten's First Full Moon (Hardcover)
778,Why Do Tigers Have Stripes? (Usborne Starting Point Science)
779,The Grouchy Ladybug (Paperback)
780,Things People Do (Hardcover)
781,"Caps for Sale: A Tale of a Peddler, Some Monkeys and Their Monkey Business (Paperback)"
782,If You Give a Moose a Muffin (Hardcover)
783,Hop On Pop (Paperback)
784,"A Greyhound, A Groundhog (Perma-Bound)"
785,They All Saw a Cat (Hardcover)
786,The Monster at the End of this Book (Hardcover)
787,"Frog and Toad Are Friends (Frog and Toad, #1)"
788,I Want My Hat Back (Hardcover)
789,Llama Llama Red Pajama (Hardcover)
790,Blueberries for Sal (Hardcover)
791,Mouse Paint (Board Book)
792,Inch by Inch (Paperback)
793,"Polar Bear, Polar Bear, What Do You Hear? (Hardcover)"
794,Pete the Cat: I Love My White Shoes (Hardcover)
795,The Foot Book: Dr. Seuss's Wacky Book of Opposites (Board Book)
796,The Berenstain Bears' Big Book of Science and Nature (Paperback)
797,How the Grinch Stole Christmas! (Hardcover)
798,Happy (Hardcover)
799,Owl Sees Owl (Hardcover)
800,The Very Hungry Caterpillar (Board book)
801,Chicka Chicka Boom Boom (Paperback)
802,Green Eggs and Ham (Hardcover)
803,"Brown Bear, Brown Bear, What Do You See? (Board Book)"
804,Where the Wild Things Are (Paperback)
805,If You Give a Mouse a Cookie (Hardcover)
806,We're Going on a Bear Hunt (Paperback)
807,Are You My Mother? (Paperback)
808,Corduroy (Hardcover)
809,Goodnight Moon (Hardcover)
810,The Cat in the Hat (Hardcover)
811,Dr. Seuss's ABC: An Amazing Alphabet Book! (Board Book)
812,Don't Let the Pigeon Drive the Bus! (Hardcover)
813,The Kissing Hand (Hardcover)
814,"Knuffle Bunny: A Cautionary Tale (Knuffle Bunny, #1)"
815,"No, David! (Hardcover)"
816,"Go, Dog. Go! (Hardcover)"
817,Press Here (Hardcover)
818,The Snowy Day (Paperback)
819,"One Fish, Two Fish, Red Fish, Blue Fish (Hardcover)"
820,The Mitten (Hardcover)
821,Pete the Cat and His Four Groovy Buttons (Hardcover)
822,The Little Engine That Could (Hardcover)
823,Love You Forever (Paperback)
824,The Rainbow Fish (Hardcover)
825,Madeline (Paperback)
826,Curious George (Paperback)
827,Kitten's First Full Moon (Hardcover)
828,Why Do Tigers Have Stripes? (Usborne Starting Point Science)
829,The Grouchy Ladybug (Paperback)
830,Things People Do (Hardcover)
831,"Caps for Sale: A Tale of a Peddler, Some Monkeys and Their Monkey Business (Paperback)"
832,If You Give a Moose a Muffin (Hardcover)
833,Hop On Pop (Paperback)
834,"A Greyhound, A Groundhog (Perma-Bound)"
835,They All Saw a Cat (Hardcover)
836,The Monster at the End of this Book (Hardcover)
837,"Frog and Toad Are Friends (Frog and Toad, #1)"
838,I Want My Hat Back (Hardcover)
839,Llama Llama Red Pajama (Hardcover)
840,Blueberries for Sal (Hardcover)
841,Mouse Paint (Board Book)
842,Inch by Inch (Paperback)
843,"Polar Bear, Polar Bear, What Do You Hear? (Hardcover)"
844,Pete the Cat: I Love My White Shoes (Hardcover)
845,The Foot Book: Dr. Seuss's Wacky Book of Opposites (Board Book)
846,The Berenstain Bears' Big Book of Science and Nature (Paperback)
847,How the Grinch Stole Christmas! (Hardcover)
848,Happy (Hardcover)
849,Owl Sees Owl (Hardcover)
850,The Very Hungry Caterpillar (Board book)
851,Chicka Chicka Boom Boom (Paperback)
852,Green Eggs and Ham (Hardcover)
853,"Brown Bear, Brown Bear, What Do You See? (Board Book)"
854,Where the Wild Things Are (Paperback)
855,If You Give a Mouse a Cookie (Hardcover)
856,We're Going on a Bear Hunt (Paperback)
857,Are You My Mother? (Paperback)
858,Corduroy (Hardcover)
859,Goodnight Moon (Hardcover)
860,The Cat in the Hat (Hardcover)
861,Dr. Seuss's ABC: An Amazing Alphabet Book! (Board Book)
862,Don't Let the Pigeon Drive the Bus! (Hardcover)
863,The Kissing Hand (Hardcover)
864,"Knuffle Bunny: A Cautionary Tale (Knuffle Bunny, #1)"
865,"No, David! (Hardcover)"
866,"Go, Dog. Go! (Hardcover)"
867,Press Here (Hardcover)
868,The Snowy Day (Paperback)
869,"One Fish, Two Fish, Red Fish, Blue Fish (Hardcover)"
870,The Mitten (Hardcover)
871,Pete the Cat and His Four Groovy Buttons (Hardcover)
872,The Little Engine That Could (Hardcover)
873,Love You Forever (Paperback)
874,The Rainbow Fish (Hardcover)
875,Madeline (Paperback)
876,Curious George (Paperback)
877,Kitten's First Full Moon (Hardcover)
878,Why Do Tigers Have Stripes? (Usborne Starting Point Science)
879,The Grouchy Ladybug (Paperback)
880,Things People Do (Hardcover)
881,"Caps for Sale: A Tale of a Peddler, Some Monkeys and Their Monkey Business (Paperback)"
882,If You Give a Moose a Muffin (Hardcover)
883,Hop On Pop (Paperback)
884,"A Greyhound, A Groundhog (Perma-Bound)"
885,They All Saw a Cat (Hardcover)
886,The Monster at the End of this Book (Hardcover)
887,"Frog and Toad Are Friends (Frog and Toad, #1)"
888,I Want My Hat Back (Hardcover)
889,Llama Llama Red Pajama (Hardcover)
890,Blueberries for Sal (Hardcover)
891,Mouse Paint (Board Book)
892,Inch by Inch (Paperback)
893,"Polar Bear, Polar Bear, What Do You Hear? (Hardcover)"
894,Pete the Cat: I Love My White Shoes (Hardcover)
895,The Foot Book: Dr. Seuss's Wacky Book of Opposites (Board Book)
896,The Berenstain Bears' Big Book of Science and Nature (Paperback)
897,How the Grinch Stole Christmas! (Hardcover)
898,Happy (Hardcover)
899,Owl Sees Owl (Hardcover)
900,The Very Hungry Caterpillar (Board book)
901,Chicka Chicka Boom Boom (Paperback)
902,Green Eggs and Ham (Hardcover)
903,"Brown Bear, Brown Bear, What Do You See? (Board Book)"
904,Where the Wild Things Are (Paperback)
905,If You Give a Mouse a Cookie (Hardcover)
906,We're Going on a Bear Hunt (Paperback)
907,Are You My Mother? (Paperback)
908,Corduroy (Hardcover)
909,Goodnight Moon (Hardcover)
910,The Cat in the Hat (Hardcover)
911,Dr. Seuss's ABC: An Amazing Alphabet Book! (Board Book)
912,Don't Let the Pigeon Drive the Bus! (Hardcover)
913,The Kissing Hand (Hardcover)
914,"Knuffle Bunny: A Cautionary Tale (Knuffle Bunny, #1)"
915,"No, David! (Hardcover)"
916,"Go, Dog. Go! (Hardcover)"
917,Press Here (Hardcover)
918,The Snowy Day (Paperback)
919,"One Fish, Two Fish, Red Fish, Blue Fish (Hardcover)"
920,The Mitten (Hardcover)
921,Pete the Cat and His Four Groovy Buttons (Hardcover)
922,The Little Engine That Could (Hardcover)
923,Love You Forever (Paperback)
924,The Rainbow Fish (Hardcover)
925,Madeline (Paperback)
926,Curious George (Paperback)
927,Kitten's First Full Moon (Hardcover)
928,Why Do Tigers Have Stripes? (Usborne Starting Point Science)
929,The Grouchy Ladybug (Paperback)
930,Things People Do (Hardcover)
931,"Caps for Sale: A Tale of a Peddler, Some Monkeys and Their Monkey Business (Paperback)"
932,If You Give a Moose a Muffin (Hardcover)
933,Hop On Pop (Paperback)
934,"A Greyhound, A Groundhog (Perma-Bound)"
935,They All Saw a Cat (Hardcover)
936,The Monster at the End of this Book (Hardcover)
937,"Frog and Toad Are Friends (Frog and Toad, #1)"
938,I Want My Hat Back (Hardcover)
939,Llama Llama Red Pajama (Hardcover)
940,Blueberries for Sal (Hardcover)
941,Mouse Paint (Board Book)
942,Inch by Inch (Paperback)
943,"Polar Bear, Polar Bear, What Do You Hear? (Hardcover)"
944,Pete the Cat: I Love My White Shoes (Hardcover)
945,The Foot Book: Dr. Seuss's Wacky Book of Opposites (Board Book)
946,The Berenstain Bears' Big Book of Science and Nature (Paperback)
947,How the Grinch Stole Christmas! (Hardcover)
948,Happy (Hardcover)
949,Owl Sees Owl (Hardcover)
950,The Very Hungry Caterpillar (Board book)
951,Chicka Chicka Boom Boom (Paperback)
952,Green Eggs and Ham (Hardcover)
953,"Brown Bear, Brown Bear, What Do You See? (Board Book)"
954,Where the Wild Things Are (Paperback)
955,If You Give a Mouse a Cookie (Hardcover)
956,We're Going on a Bear Hunt (Paperback)
957,Are You My Mother? (Paperback)
958,Corduroy (Hardcover)
959,Goodnight Moon (Hardcover)
960,The Cat in the Hat (Hardcover)
961,Dr. Seuss's ABC: An Amazing Alphabet Book! (Board Book)
962,Don't Let the Pigeon Drive the Bus! (Hardcover)
963,The Kissing Hand (Hardcover)
964,"Knuffle Bunny: A Cautionary Tale (Knuffle Bunny, #1)"
965,"No, David! (Hardcover)"
966,"Go, Dog. Go! (Hardcover)"
967,Press Here (Hardcover)
968,The Snowy Day (Paperback)
969,"One Fish, Two Fish, Red Fish, Blue Fish (Hardcover)"
970,The Mitten (Hardcover)
971,Pete the Cat and His Four Groovy Buttons (Hardcover)
972,The Little Engine That Could (Hardcover)
973,Love You Forever (Paperback)
974,The Rainbow Fish (Hardcover)
975,Madeline (Paperback)
976,Curious George (Paperback)
977,Kitten's First Full Moon (Hardcover)
978,Why Do Tigers Have Stripes? (Usborne Starting Point Science)
979,The Grouchy Ladybug (Paperback)
980,Things People Do (Hardcover)
981,"Caps for Sale: A Tale of a Peddler, Some Monkeys and Their Monkey Business (Paperback)"
982,If You Give a Moose a Muffin (Hardcover)
983,Hop On Pop (Paperback)
984,"A Greyhound, A Groundhog (Perma-Bound)"
985,They All Saw a Cat (Hardcover)
986,The Monster at the End of this Book (Hardcover)
987,"Frog and Toad Are Friends (Frog and Toad, #1)"
988,I Want My Hat Back (Hardcover)
989,Llama Llama Red Pajama (Hardcover)
990,Blueberries for Sal (Hardcover)
991,Mouse Paint (Board Book)
992,Inch by Inch (Paperback)
993,"Polar Bear, Polar Bear, What Do You Hear? (Hardcover)"
994,Pete the Cat: I Love My White Shoes (Hardcover)
995,The Foot Book: Dr. Seuss's Wacky Book of Opposites (Board Book)
996,The Berenstain Bears' Big Book of Science and Nature (Paperback)
997,How the Grinch Stole Christmas! (Hardcover)
998,Happy (Hardcover)
999,Owl Sees Owl (Hardcover)
1000,The Very Hungry Caterpillar (Board book)
1001,Chicka Chicka Boom Boom (Paperback)
1002,Green Eggs and Ham (Hardcover)
1003,"Brown Bear, Brown Bear, What Do You See? (Board Book)"
1004,Where the Wild Things Are (Paperback)
1005,If You Give a Mouse a Cookie (Hardcover)
1006,We're Going on a Bear Hunt (Paperback)
1007,Are You My Mother? (Paperback)
1008,Corduroy (Hardcover)
1009,Goodnight Moon (Hardcover)
1010,The Cat in the Hat (Hardcover)
1011,Dr. Seuss's ABC: An Amazing Alphabet Book! (Board Book)
1012,Don't Let the Pigeon Drive the Bus! (Hardcover)
1013,The Kissing Hand (Hardcover)
1014,"Knuffle Bunny: A Cautionary Tale (Knuffle Bunny, #1)"
1015,"No, David! (Hardcover)"
1016,"Go, Dog. Go! (Hardcover)"
1017,Press Here (Hardcover)
1018,The Snowy Day (Paperback)
1019,"One Fish, Two Fish, Red Fish, Blue Fish (Hardcover)"
1020,The Mitten (Hardcover)
1021,Pete the Cat and His Four Groovy Buttons (Hardcover)
1022,The Little Engine That Could (Hardcover)
1023,Love You Forever (Paperback)
1024,The Rainbow Fish (Hardcover)
1025,Madeline (Paperback)
1026,Curious George (Paperback)
1027,Kitten's First Full Moon (Hardcover)
1028,Why Do Tigers Have Stripes? (Usborne Starting Point Science)
1029,The Grouchy Ladybug (Paperback)
1030,Things People Do (Hardcover)
1031,"Caps for Sale: A Tale of a Peddler, Some Monkeys and Their Monkey Business (Paperback)"
1032,If You Give a Moose a Muffin (Hardcover)
1033,Hop On Pop (Paperback)
1034,"A Greyhound, A Groundhog (Perma-Bound)"
1035,They All Saw a Cat (Hardcover)
1036,The Monster at the End of this Book (Hardcover)
1037,"Frog and Toad Are Friends (Frog and Toad, #1)"
1038,I Want My Hat Back (Hardcover)
1039,Llama Llama Red Pajama (Hardcover)
1040,Blueberries for Sal (Hardcover)
1041,Mouse Paint (Board Book)
1042,Inch by Inch (Paperback)
1043,"Polar Bear, Polar Bear, What Do You Hear? (Hardcover)"
1044,Pete the Cat: I Love My White Shoes (Hardcover)
1045,The Foot Book: Dr. Seuss's Wacky Book of Opposites (Board Book)
1046,The Berenstain Bears' Big Book of Science and Nature (Paperback)
1047,How the Grinch Stole Christmas! (Hardcover)
1048,Happy (Hardcover)
1049,Owl Sees Owl (Hardcover)
1050,The Very Hungry Caterpillar (Board book)
1051,Chicka Chicka Boom Boom (Paperback)
1052,Green Eggs and Ham (Hardcover)
1053,"Brown Bear, Brown Bear, What Do You See? (Board Book)"
1054,Where the Wild Things Are (Paperback)
1055,If You Give a Mouse a Cookie (Hardcover)
1056,We're Going on a Bear Hunt (Paperback)
1057,Are You My Mother? (Paperback)
1058,Corduroy (Hardcover)
1059,Goodnight Moon (Hardcover)
1060,The Cat in the Hat (Hardcover)
1061,Dr. Seuss's ABC: An Amazing Alphabet Book! (Board Book)
1062,Don't Let the Pigeon Drive the Bus! (Hardcover)
1063,The Kissing Hand (Hardcover)
1064,"Knuffle Bunny: A Cautionary Tale (Knuffle Bunny, #1)"
1065,"No, David! (Hardcover)"
1066,"Go, Dog. Go! (Hardcover)"
1067,Press Here (Hardcover)
1068,The Snowy Day (Paperback)
1069,"One Fish, Two Fish, Red Fish, Blue Fish (Hardcover)"
1070,The Mitten (Hardcover)
1071,Pete the Cat and His Four Groovy Buttons (Hardcover)
1072,The Little Engine That Could (Hardcover)
1073,Love You Forever (Paperback)
1074,The Rainbow Fish (Hardcover)
1075,Madeline (Paperback)
1076,Curious George (Paperback)
1077,Kitten's First Full Moon (Hardcover)
1078,Why Do Tigers Have Stripes? (Usborne Starting Point Science)
1079,The Grouchy Ladybug (Paperback)
1080,Things People Do (Hardcover)
1081,"Caps for Sale: A Tale of a Peddler, Some Monkeys and Their Monkey Business (Paperback)"
1082,If You Give a Moose a Muffin (Hardcover)
1083,Hop On Pop (Paperback)
1084,"A Greyhound, A Groundhog (Perma-Bound)"
1085,They All Saw a Cat (Hardcover)
1086,The Monster at the End of this Book (Hardcover)
1087,"Frog and Toad Are Friends (Frog and Toad, #1)"
1088,I Want My Hat Back (Hardcover)
1089,Llama Llama Red Pajama (Hardcover)
1090,Blueberries for Sal (Hardcover)
1091,Mouse Paint (Board Book)
1092,Inch by Inch (Paperback)
1093,"Polar Bear, Polar Bear, What Do You Hear? (Hardcover)"
1094,Pete the Cat: I Love My White Shoes (Hardcover)
1095,The Foot Book: Dr. Seuss's Wacky Book of Opposites (Board Book)
1096,The Berenstain Bears' Big Book of Science and Nature (Paperback)
1097,How the Grinch Stole Christmas! (Hardcover)
1098,Happy (Hardcover)
1099,Owl Sees Owl (Hardcover)
1100,The Very Hungry Caterpillar (Board book)
1101,Chicka Chicka Boom Boom (Paperback)
1102,Green Eggs and Ham (Hardcover)
1103,"Brown Bear, Brown Bear, What Do You See? (Board Book)"
1104,Where the Wild Things Are (Paperback)
1105,If You Give a Mouse a Cookie (Hardcover)
1106,We're Going on a Bear Hunt (Paperback)
1107,Are You My Mother? (Paperback)
1108,Corduroy (Hardcover)
1109,Goodnight Moon (Hardcover)
1110,The Cat in the Hat (Hardcover)
1111,Dr. Seuss's ABC: An Amazing Alphabet Book! (Board Book)
1112,Don't Let the Pigeon Drive the Bus! (Hardcover)
1113,The Kissing Hand (Hardcover)
1114,"Knuffle Bunny: A Cautionary Tale (Knuffle Bunny, #1)"
1115,"No, David! (Hardcover)"
1116,"Go, Dog. Go! (Hardcover)"
1117,Press Here (Hardcover)
1118,The Snowy Day (Paperback)
1119,"One Fish, Two Fish, Red Fish, Blue Fish (Hardcover)"
1120,The Mitten (Hardcover)
1121,Pete the Cat and His Four Groovy Buttons (Hardcover)
1122,The Little Engine That Could (Hardcover)
1123,Love You Forever (Paperback)
1124,The Rainbow Fish (Hardcover)
1125,Madeline (Paperback)
1126,Curious George (Paperback)
1127,Kitten's First Full Moon (Hardcover)
1128,Why Do Tigers Have Stripes? (Usborne Starting Point Science)
1129,The Grouchy Ladybug (Paperback)
1130,Things People Do (Hardcover)
1131,"Caps for Sale: A Tale of a Peddler, Some Monkeys and Their Monkey Business (Paperback)"
1132,If You Give a Moose a Muffin (Hardcover)
1133,Hop On Pop (Paperback)
1134,"A Greyhound, A Groundhog (Perma-Bound)"
1135,They All Saw a Cat (Hardcover)
1136,The Monster at the End of this Book (Hardcover)
1137,"Frog and Toad Are Friends (Frog and Toad, #1)"
1138,I Want My Hat Back (Hardcover)
1139,Llama Llama Red Pajama (Hardcover)
1140,Blueberries for Sal (Hardcover)
1141,Mouse Paint (Board Book)
1142,Inch by Inch (Paperback)
1143,"Polar Bear, Polar Bear, What Do You Hear? (Hardcover)"
1144,Pete the Cat: I Love My White Shoes (Hardcover)
1145,The Foot Book: Dr. Seuss's Wacky Book of Opposites (Board Book)
1146,The Berenstain Bears' Big Book of Science and Nature (Paperback)
1147,How the Grinch Stole Christmas! (Hardcover)
1148,Happy (Hardcover)
1149,Owl Sees Owl (Hardcover)
1150,The Very Hungry Caterpillar (Board book)
1151,Chicka Chicka Boom Boom (Paperback)
1152,Green Eggs and Ham (Hardcover)
1153,"Brown Bear, Brown Bear, What Do You See? (Board Book)"
1154,Where the Wild Things Are (Paperback)
1155,If You Give a Mouse a Cookie (Hardcover)
1156,We're Going on a Bear Hunt (Paperback)
1157,Are You My Mother? (Paperback)
1158,Corduroy (Hardcover)
1159,Goodnight Moon (Hardcover)
1160,The Cat in the Hat (Hardcover)
1161,Dr. Seuss's ABC: An Amazing Alphabet Book! (Board Book)
1162,Don't Let the Pigeon Drive the Bus! (Hardcover)
1163,The Kissing Hand (Hardcover)
1164,"Knuffle Bunny: A Cautionary Tale (Knuffle Bunny, #1)"
1165,"No, David! (Hardcover)"
1166,"Go, Dog. Go! (Hardcover)"
1167,Press Here (Hardcover)
1168,The Snowy Day (Paperback)
1169,"One Fish, Two Fish, Red Fish, Blue Fish (Hardcover)"
1170,The Mitten (Hardcover)
1171,Pete the Cat and His Four Groovy Buttons (Hardcover)
1172,The Little Engine That Could (Hardcover)
1173,Love You Forever (Paperback)
1174,The Rainbow Fish (Hardcover)
1175,Madeline (Paperback)
1176,Curious George (Paperback)
1177,Kitten's First Full Moon (Hardcover)
1178,Why Do Tigers Have Stripes? (Usborne Starting Point Science)
1179,The Grouchy Ladybug (Paperback)
1180,Things People Do (Hardcover)
1181,"Caps for Sale: A Tale of a Peddler, Some Monkeys and Their Monkey Business (Paperback)"
1182,If You Give a Moose a Muffin (Hardcover)
1183,Hop On Pop (Paperback)
1184,"A Greyhound, A Groundhog (Perma-Bound)"
1185,They All Saw a Cat (Hardcover)
1186,The Monster at the End of this Book (Hardcover)
1187,"Frog and Toad Are Friends (Frog and Toad, #1)"
1188,I Want My Hat Back (Hardcover)
1189,Llama Llama Red Pajama (Hardcover)
1190,Blueberries for Sal (Hardcover)
1191,Mouse Paint (Board Book)
1192,Inch by Inch (Paperback)
1193,"Polar Bear, Polar Bear, What Do You Hear? (Hardcover)"
1194,Pete the Cat: I Love My White Shoes (Hardcover)
1195,The Foot Book: Dr. Seuss's Wacky Book of Opposites (Board Book)
1196,The Berenstain Bears' Big Book of Science and Nature (Paperback)
1197,How the Grinch Stole Christmas! (Hardcover)
1198,Happy (Hardcover)
1199,Owl Sees Owl (Hardcover)
1200,The Very Hungry Caterpillar (Board book)
1201,Chicka Chicka Boom Boom (Paperback)
1202,Green Eggs and Ham (Hardcover)
1203,"Brown Bear, Brown Bear, What Do You See? (Board Book)"
1204,Where the Wild Things Are (Paperback)
1205,If You Give a Mouse a Cookie (Hardcover)
1206,We're Going on a Bear Hunt (Paperback)
1207,Are You My Mother? (Paperback)
1208,Corduroy (Hardcover)
1209,Goodnight Moon (Hardcover)
1210,The Cat in the Hat (Hardcover)
1211,Dr. Seuss's ABC: An Amazing Alphabet Book! (Board Book)
1212,Don't Let the Pigeon Drive the Bus! (Hardcover)
1213,The Kissing Hand (Hardcover)
1214,"Knuffle Bunny: A Cautionary Tale (Knuffle Bunny, #1)"
1215,"No, David! (Hardcover)"
1216,"Go, Dog. Go! (Hardcover)"
1217,Press Here (Hardcover)
1218,The Snowy Day (Paperback)
1219,"One Fish, Two Fish, Red Fish, Blue Fish (Hardcover)"
1220,The Mitten (Hardcover)
1221,Pete the Cat and His Four Groovy Buttons (Hardcover)
1222,The Little Engine That Could (Hardcover)
1223,Love You Forever (Paperback)
1224,The Rainbow Fish (Hardcover)
1225,Madeline (Paperback)
1226,Curious George (Paperback)
1227,Kitten's First Full Moon (Hardcover)
1228,Why Do Tigers Have Stripes? (Usborne Starting Point Science)
1229,The Grouchy Ladybug (Paperback)
1230,Things People Do (Hardcover)
1231,"Caps for Sale: A Tale of a Peddler, Some Monkeys and Their Monkey Business (Paperback)"
1232,If You Give a Moose a Muffin (Hardcover)
1233,Hop On Pop (Paperback)
1234,"A Greyhound, A Groundhog (Perma-Bound)"
1235,They All Saw a Cat (Hardcover)
1236,The Monster at the End of this Book (Hardcover)
1237,"Frog and Toad Are Friends (Frog and Toad, #1)"
1238,I Want My Hat Back (Hardcover)
1239,Llama Llama Red Pajama (Hardcover)
1240,Blueberries for Sal (Hardcover)
1241,Mouse Paint (Board Book)
1242,Inch by Inch (Paperback)
1243,"Polar Bear, Polar Bear, What Do You Hear? (Hardcover)"
1244,Pete the Cat: I Love My White Shoes (Hardcover)
1245,The Foot Book: Dr. Seuss's Wacky Book of Opposites (Board Book)
1246,The Berenstain Bears' Big Book of Science and Nature (Paperback)
1247,How the Grinch Stole Christmas! (Hardcover)
1248,Happy (Hardcover)
1249,Owl Sees Owl (Hardcover)
